source_ip_oct1,source_ip_oct2,source_ip_oct3,source_ip_oct4,destination_ip_oct1,destination_ip_oct2,destination_ip_oct3,destination_ip_oct4,status_code,hour,weekday,login,admin,update,download,upload,passwd,config,reset,token,php,label
10,104,103,249,110,164,17,88,403,15,2,0.0,0.0,0.0,0.0,0.0,0.0,0.0,0.0,0.0,0.0,0
1,179,227,139,110,164,28,25,206,15,2,0.0,0.0,0.0,0.0,0.0,0.0,0.0,0.0,0.0,0.0,0
10,104,112,165,43,174,53,240,206,15,2,0.0,0.0,0.0,0.0,0.0,0.0,0.0,0.0,0.0,0.0,0
10,104,170,73,10,104,4,36,200,15,2,0.0,0.0,0.0,0.0,0.0,0.0,0.0,0.0,0.0,0.0,0
10,134,44,183,110,164,17,88,403,15,2,0.0,0.0,0.0,0.0,0.0,0.0,0.0,0.0,0.0,0.0,0
1,179,227,145,34,131,210,136,200,15,2,0.0,0.0,0.0,0.0,0.0,0.0,0.0,0.0,0.0,0.0,0
10,104,125,10,110,164,17,88,503,15,2,0.0,0.0,0.0,0.0,0.0,0.0,0.0,0.0,0.0,0.0,0
10,104,112,42,92,223,116,253,503,15,2,0.0,0.0,0.0,0.0,0.0,0.0,0.0,0.0,0.0,0.0,0
10,133,22,22,10,104,4,36,200,15,2,0.0,0.0,0.0,0.0,0.0,0.0,0.0,0.0,0.0,0.0,0
10,104,192,206,110,164,11,58,200,15,2,0.0,0.0,0.0,0.0,0.0,0.0,0.0,0.0,0.0,0.0,0
1,179,227,140,92,223,116,253,206,15,2,0.0,0.0,1.0,0.0,0.0,0.0,0.0,0.0,0.0,0.0,0
10,134,44,203,103,21,25,187,0,15,2,0.0,0.0,0.0,0.0,0.0,0.0,0.0,0.0,0.0,0.0,1
10,134,76,163,43,174,32,150,206,15,2,0.0,0.0,1.0,0.0,0.0,0.0,0.0,0.0,0.0,0.0,0
1,179,227,147,199,232,166,172,206,15,2,0.0,0.0,0.0,0.0,0.0,0.0,0.0,0.0,0.0,0.0,0
1,179,227,146,110,164,11,58,200,15,2,0.0,0.0,0.0,0.0,0.0,0.0,0.0,0.0,0.0,0.0,0
1,179,227,139,110,164,17,98,206,15,2,0.0,0.0,0.0,0.0,0.0,0.0,0.0,0.0,0.0,0.0,0
1,179,227,148,110,164,11,73,200,15,2,0.0,0.0,0.0,0.0,0.0,0.0,0.0,0.0,0.0,0.0,0
1,179,227,148,110,164,11,73,200,15,2,0.0,0.0,0.0,0.0,0.0,0.0,0.0,0.0,0.0,0.0,0
1,179,227,138,199,232,166,172,206,15,2,0.0,0.0,0.0,0.0,0.0,0.0,0.0,0.0,0.0,0.0,0
1,179,227,153,110,164,11,58,200,15,2,0.0,0.0,0.0,0.0,0.0,0.0,0.0,0.0,0.0,0.0,0
10,104,235,128,110,164,17,98,206,15,2,0.0,0.0,0.0,0.0,0.0,0.0,0.0,0.0,0.0,0.0,0
1,179,227,153,110,164,17,27,200,15,2,0.0,0.0,0.0,0.0,0.0,0.0,0.0,0.0,0.0,0.0,0
10,101,101,4,110,164,28,16,206,15,2,0.0,0.0,0.0,0.0,0.0,0.0,0.0,0.0,0.0,0.0,0
1,179,227,154,110,164,11,73,200,15,2,0.0,0.0,0.0,0.0,0.0,0.0,0.0,0.0,0.0,0.0,0
1,179,227,153,110,164,17,88,206,15,2,0.0,0.0,0.0,0.0,0.0,0.0,0.0,0.0,0.0,0.0,0
10,104,103,46,110,164,11,73,200,15,2,0.0,0.0,0.0,0.0,0.0,0.0,0.0,0.0,0.0,0.0,0
1,179,227,137,92,223,116,253,206,15,2,0.0,0.0,1.0,0.0,0.0,0.0,0.0,0.0,0.0,0.0,0
10,104,103,235,199,232,166,172,206,15,2,0.0,0.0,0.0,0.0,0.0,0.0,0.0,0.0,0.0,0.0,0
10,141,69,58,92,223,116,252,503,15,2,0.0,0.0,0.0,0.0,0.0,0.0,0.0,0.0,0.0,0.0,0
10,101,101,4,110,164,11,114,503,15,2,0.0,0.0,0.0,0.0,0.0,0.0,0.0,0.0,0.0,0.0,0
1,179,227,137,92,223,116,253,206,15,2,0.0,0.0,0.0,0.0,0.0,0.0,0.0,0.0,0.0,0.0,0
10,104,239,156,110,164,11,58,200,15,2,0.0,0.0,0.0,0.0,0.0,0.0,0.0,0.0,0.0,0.0,0
1,179,227,152,110,164,11,73,200,15,2,0.0,0.0,0.0,0.0,0.0,0.0,0.0,0.0,0.0,0.0,0
10,104,112,42,92,223,116,252,206,15,2,0.0,0.0,0.0,0.0,0.0,0.0,0.0,0.0,0.0,0.0,0
10,134,77,180,110,164,17,88,403,15,2,0.0,0.0,0.0,0.0,0.0,0.0,0.0,0.0,0.0,0.0,0
10,104,120,191,92,223,116,252,206,15,2,0.0,0.0,1.0,0.0,0.0,0.0,0.0,0.0,0.0,0.0,0
10,104,102,212,110,164,11,73,200,15,2,0.0,0.0,0.0,0.0,0.0,0.0,0.0,0.0,0.0,0.0,0
1,179,227,138,110,164,17,98,206,15,2,0.0,0.0,0.0,0.0,0.0,0.0,0.0,0.0,0.0,0.0,0
10,134,77,52,188,172,208,137,200,15,2,0.0,0.0,0.0,0.0,0.0,0.0,0.0,0.0,0.0,0.0,0
1,179,227,146,110,164,11,73,200,15,2,0.0,0.0,0.0,0.0,0.0,0.0,0.0,0.0,0.0,0.0,0
1,179,227,138,43,174,32,150,206,15,2,0.0,0.0,0.0,0.0,0.0,0.0,0.0,0.0,0.0,0.0,0
10,104,102,34,110,164,17,88,206,15,2,0.0,0.0,0.0,0.0,0.0,0.0,0.0,0.0,0.0,0.0,0
10,104,117,239,110,164,11,144,200,15,2,0.0,0.0,1.0,0.0,0.0,0.0,0.0,0.0,0.0,0.0,0
10,104,112,165,43,174,32,118,206,15,2,0.0,0.0,0.0,0.0,0.0,0.0,0.0,0.0,0.0,0.0,0
10,104,101,105,199,232,166,172,206,15,2,0.0,0.0,0.0,0.0,0.0,0.0,0.0,0.0,0.0,0.0,0
10,104,235,231,92,223,116,252,206,15,2,0.0,0.0,0.0,0.0,0.0,0.0,0.0,0.0,0.0,0.0,0
1,179,227,145,199,232,166,172,206,15,2,0.0,0.0,1.0,0.0,0.0,0.0,0.0,0.0,0.0,0.0,0
10,104,108,158,199,232,166,172,206,15,2,0.0,0.0,0.0,0.0,0.0,0.0,0.0,0.0,0.0,0.0,0
10,104,112,217,92,223,116,253,0,15,2,0.0,0.0,0.0,0.0,0.0,0.0,0.0,0.0,0.0,0.0,0
10,104,100,120,92,223,116,252,503,15,2,0.0,0.0,0.0,0.0,0.0,0.0,0.0,0.0,0.0,0.0,0
1,179,227,144,199,232,166,172,206,15,2,0.0,0.0,0.0,0.0,0.0,0.0,0.0,0.0,0.0,0.0,0
1,179,227,143,92,223,116,253,206,15,2,0.0,0.0,0.0,0.0,0.0,0.0,0.0,0.0,0.0,0.0,0
1,179,227,138,43,174,53,240,206,15,2,0.0,0.0,0.0,0.0,0.0,0.0,0.0,0.0,0.0,0.0,0
1,179,227,155,92,223,116,253,206,15,2,0.0,0.0,0.0,0.0,0.0,0.0,0.0,0.0,0.0,0.0,0
10,104,184,25,10,104,4,122,304,15,2,0.0,0.0,0.0,0.0,1.0,0.0,0.0,0.0,0.0,0.0,0
10,104,235,231,92,223,116,252,206,15,2,0.0,0.0,0.0,0.0,0.0,0.0,0.0,0.0,0.0,0.0,0
10,104,100,117,199,232,166,172,206,15,2,0.0,0.0,0.0,0.0,0.0,0.0,0.0,0.0,0.0,0.0,0
10,141,69,58,92,223,116,252,503,15,2,0.0,0.0,0.0,0.0,0.0,0.0,0.0,0.0,0.0,0.0,0
1,179,227,139,110,164,28,9,206,15,2,0.0,0.0,0.0,0.0,0.0,0.0,0.0,0.0,0.0,0.0,0
10,104,102,247,92,223,116,253,503,15,2,0.0,0.0,1.0,0.0,0.0,0.0,0.0,0.0,0.0,0.0,0
1,179,227,154,92,223,116,253,206,15,2,0.0,0.0,0.0,0.0,0.0,0.0,0.0,0.0,0.0,0.0,0
1,179,227,155,92,223,116,253,206,15,2,0.0,0.0,0.0,0.0,0.0,0.0,0.0,0.0,0.0,0.0,0
1,179,227,138,43,174,53,240,206,15,2,0.0,0.0,0.0,0.0,0.0,0.0,0.0,0.0,0.0,0.0,0
10,104,102,222,110,164,17,88,206,15,2,0.0,0.0,0.0,0.0,0.0,0.0,0.0,0.0,0.0,0.0,0
1,179,227,138,110,164,17,98,206,15,2,0.0,0.0,0.0,0.0,0.0,0.0,0.0,0.0,0.0,0.0,0
10,104,108,30,110,164,17,88,503,15,2,0.0,0.0,0.0,0.0,0.0,0.0,0.0,0.0,0.0,0.0,0
1,179,227,145,110,164,11,73,200,15,2,0.0,0.0,0.0,0.0,0.0,0.0,0.0,0.0,0.0,0.0,0
10,134,44,204,110,164,11,73,200,15,2,0.0,0.0,0.0,0.0,0.0,0.0,0.0,0.0,0.0,0.0,0
1,179,227,153,110,164,11,58,200,15,2,0.0,0.0,0.0,0.0,0.0,0.0,0.0,0.0,0.0,0.0,0
1,179,227,141,110,164,17,88,206,15,2,0.0,0.0,0.0,0.0,0.0,0.0,0.0,0.0,0.0,0.0,0
10,104,235,128,110,164,17,98,206,15,2,0.0,0.0,0.0,0.0,0.0,0.0,0.0,0.0,0.0,0.0,0
10,104,100,129,92,223,116,252,206,15,2,0.0,0.0,0.0,0.0,0.0,0.0,0.0,0.0,0.0,0.0,0
10,104,102,9,110,164,11,58,200,15,2,0.0,0.0,0.0,0.0,0.0,0.0,0.0,0.0,0.0,0.0,0
10,134,77,52,188,172,208,137,304,15,2,0.0,0.0,0.0,0.0,0.0,0.0,0.0,0.0,0.0,0.0,0
10,134,77,180,110,164,17,27,200,15,2,0.0,0.0,0.0,0.0,0.0,0.0,0.0,0.0,0.0,0.0,0
1,179,227,151,110,164,17,98,206,15,2,0.0,0.0,0.0,0.0,0.0,0.0,0.0,0.0,0.0,0.0,0
1,179,227,153,203,153,50,90,206,15,2,0.0,0.0,0.0,0.0,0.0,0.0,0.0,0.0,0.0,0.0,0
1,179,227,148,110,164,11,58,200,15,2,0.0,0.0,0.0,0.0,0.0,0.0,0.0,0.0,0.0,0.0,0
10,104,235,141,199,232,166,172,206,15,2,0.0,0.0,1.0,0.0,0.0,0.0,0.0,0.0,0.0,0.0,0
10,104,108,85,110,164,11,73,200,15,2,0.0,0.0,0.0,0.0,0.0,0.0,0.0,0.0,0.0,0.0,0
1,179,227,141,110,164,17,88,206,15,2,0.0,0.0,0.0,0.0,0.0,0.0,0.0,0.0,0.0,0.0,0
1,179,227,141,110,164,11,58,200,15,2,0.0,0.0,0.0,0.0,0.0,0.0,0.0,0.0,0.0,0.0,0
1,179,227,138,199,232,166,172,206,15,2,0.0,0.0,0.0,0.0,0.0,0.0,0.0,0.0,0.0,0.0,0
1,179,227,147,110,164,11,58,200,15,2,0.0,0.0,0.0,0.0,0.0,0.0,0.0,0.0,0.0,0.0,0
10,104,170,73,10,104,4,36,200,15,2,0.0,0.0,0.0,0.0,0.0,0.0,0.0,0.0,0.0,0.0,0
1,179,227,138,110,164,11,73,200,15,2,0.0,0.0,0.0,0.0,0.0,0.0,0.0,0.0,0.0,0.0,0
10,104,112,131,110,164,11,58,200,15,2,0.0,0.0,0.0,0.0,0.0,0.0,0.0,0.0,0.0,0.0,0
10,104,112,165,43,174,32,150,206,15,2,0.0,0.0,0.0,0.0,0.0,0.0,0.0,0.0,0.0,0.0,0
10,104,239,163,110,164,11,58,200,15,2,0.0,0.0,0.0,0.0,0.0,0.0,0.0,0.0,0.0,0.0,0
1,179,227,156,110,164,11,73,200,15,2,0.0,0.0,0.0,0.0,0.0,0.0,0.0,0.0,0.0,0.0,0
1,179,227,155,92,223,116,252,206,15,2,0.0,0.0,0.0,0.0,0.0,0.0,0.0,0.0,0.0,0.0,0
1,179,227,147,199,232,166,172,206,15,2,0.0,0.0,0.0,0.0,0.0,0.0,0.0,0.0,0.0,0.0,0
10,134,78,172,110,164,11,73,200,15,2,0.0,0.0,0.0,0.0,0.0,0.0,0.0,0.0,0.0,0.0,0
1,179,227,154,43,174,51,116,0,15,2,0.0,0.0,0.0,0.0,0.0,0.0,0.0,0.0,0.0,0.0,0
1,179,227,138,43,174,53,240,206,15,2,0.0,0.0,0.0,0.0,0.0,0.0,0.0,0.0,0.0,0.0,0
10,104,112,165,110,164,17,98,503,15,2,0.0,0.0,0.0,0.0,0.0,0.0,0.0,0.0,0.0,0.0,0
1,179,227,149,110,164,17,88,206,15,2,0.0,0.0,0.0,0.0,0.0,0.0,0.0,0.0,0.0,0.0,0
1,179,227,142,110,164,17,98,206,15,2,0.0,0.0,0.0,0.0,0.0,0.0,0.0,0.0,0.0,0.0,0
10,104,235,128,110,164,11,145,206,15,2,0.0,0.0,0.0,0.0,0.0,0.0,0.0,0.0,0.0,0.0,0
10,104,112,165,110,164,17,98,503,15,2,0.0,0.0,0.0,0.0,0.0,0.0,0.0,0.0,0.0,0.0,0
10,133,22,22,10,104,4,36,200,15,2,0.0,0.0,0.0,0.0,0.0,0.0,0.0,0.0,0.0,0.0,0
1,179,227,141,92,223,116,253,206,15,2,0.0,0.0,0.0,0.0,0.0,0.0,0.0,0.0,0.0,0.0,0
1,179,227,143,92,223,116,253,206,15,2,0.0,0.0,0.0,0.0,0.0,0.0,0.0,0.0,0.0,0.0,0
1,179,227,153,110,164,11,99,206,15,2,0.0,0.0,0.0,0.0,0.0,0.0,0.0,0.0,0.0,0.0,0
10,104,170,73,10,104,4,36,200,15,2,0.0,0.0,0.0,0.0,0.0,0.0,0.0,0.0,0.0,0.0,0
10,104,112,111,43,174,32,118,206,15,2,0.0,0.0,0.0,0.0,0.0,0.0,0.0,0.0,0.0,0.0,0
10,104,108,158,199,232,166,172,503,15,2,0.0,0.0,0.0,0.0,0.0,0.0,0.0,0.0,0.0,0.0,0
10,101,101,4,23,39,81,215,200,15,2,0.0,0.0,0.0,0.0,0.0,0.0,0.0,0.0,0.0,0.0,0
1,179,227,142,110,164,11,73,200,15,2,0.0,0.0,0.0,0.0,0.0,0.0,0.0,0.0,0.0,0.0,0
10,104,112,179,10,104,117,155,200,15,2,0.0,0.0,0.0,0.0,0.0,0.0,0.0,0.0,0.0,0.0,0
1,179,227,147,110,164,17,98,206,15,2,0.0,0.0,0.0,0.0,0.0,0.0,0.0,0.0,0.0,0.0,0
10,104,170,73,10,104,4,36,200,15,2,0.0,0.0,0.0,0.0,0.0,0.0,0.0,0.0,0.0,0.0,0
10,104,112,242,110,164,11,73,200,15,2,0.0,0.0,0.0,0.0,0.0,0.0,0.0,0.0,0.0,0.0,0
1,179,227,151,110,164,11,73,200,15,2,0.0,0.0,0.0,0.0,0.0,0.0,0.0,0.0,0.0,0.0,0
1,179,227,138,203,113,34,81,206,15,2,0.0,0.0,1.0,0.0,0.0,0.0,0.0,0.0,0.0,0.0,0
10,104,102,81,110,164,11,58,200,15,2,0.0,0.0,0.0,0.0,0.0,0.0,0.0,0.0,0.0,0.0,0
10,104,102,199,110,164,17,98,206,15,2,0.0,0.0,0.0,0.0,0.0,0.0,0.0,0.0,0.0,0.0,0
10,104,198,194,92,223,116,253,206,15,2,0.0,0.0,0.0,0.0,0.0,0.0,0.0,0.0,0.0,0.0,0
1,179,227,151,47,252,97,9,200,15,2,0.0,0.0,0.0,0.0,0.0,0.0,0.0,0.0,0.0,0.0,0
1,179,227,145,203,113,34,123,206,15,2,0.0,0.0,0.0,0.0,0.0,0.0,0.0,0.0,0.0,0.0,0
1,179,227,143,92,223,116,253,206,15,2,0.0,0.0,0.0,0.0,0.0,0.0,0.0,0.0,0.0,0.0,0
1,179,227,147,110,164,11,73,200,15,2,0.0,0.0,0.0,0.0,0.0,0.0,0.0,0.0,0.0,0.0,0
1,179,227,138,43,174,32,118,206,15,2,0.0,0.0,0.0,0.0,0.0,0.0,0.0,0.0,0.0,0.0,0
1,179,227,141,110,164,11,58,200,15,2,0.0,0.0,0.0,0.0,0.0,0.0,0.0,0.0,0.0,0.0,0
10,104,108,30,110,164,17,88,206,15,2,0.0,0.0,0.0,0.0,0.0,0.0,0.0,0.0,0.0,0.0,0
10,134,123,172,110,164,17,88,206,15,2,0.0,0.0,0.0,0.0,0.0,0.0,0.0,0.0,0.0,0.0,0
1,179,227,149,110,164,17,98,206,15,2,0.0,0.0,0.0,0.0,0.0,0.0,0.0,0.0,0.0,0.0,0
1,179,227,147,110,164,17,88,206,15,2,0.0,0.0,0.0,0.0,0.0,0.0,0.0,0.0,0.0,0.0,0
1,179,227,153,110,164,17,27,200,15,2,0.0,0.0,0.0,0.0,0.0,0.0,0.0,0.0,0.0,0.0,0
1,179,227,139,23,39,81,215,200,15,2,0.0,0.0,0.0,0.0,0.0,0.0,0.0,0.0,0.0,0.0,0
1,179,227,139,110,164,17,98,206,15,2,0.0,0.0,0.0,0.0,0.0,0.0,0.0,0.0,0.0,0.0,0
1,179,227,149,23,39,81,215,200,15,2,0.0,0.0,0.0,0.0,0.0,0.0,0.0,0.0,0.0,0.0,0
10,104,105,51,92,223,116,252,206,15,2,0.0,0.0,0.0,0.0,0.0,0.0,0.0,0.0,0.0,0.0,0
10,104,100,129,92,223,116,252,206,15,2,0.0,0.0,0.0,0.0,0.0,0.0,0.0,0.0,0.0,0.0,0
10,104,112,165,43,174,53,240,206,15,2,0.0,0.0,0.0,0.0,0.0,0.0,0.0,0.0,0.0,0.0,0
10,104,235,231,92,223,116,252,206,15,2,0.0,0.0,0.0,0.0,0.0,0.0,0.0,0.0,0.0,0.0,0
10,104,170,73,10,104,4,36,200,15,2,0.0,0.0,0.0,0.0,0.0,0.0,0.0,0.0,0.0,0.0,0
10,101,101,4,92,223,116,253,503,15,2,0.0,0.0,1.0,0.0,0.0,0.0,0.0,0.0,0.0,0.0,0
1,179,227,153,92,223,116,253,206,15,2,0.0,0.0,1.0,0.0,0.0,0.0,0.0,0.0,0.0,0.0,0
10,104,112,165,43,174,53,240,206,15,2,0.0,0.0,0.0,0.0,0.0,0.0,0.0,0.0,0.0,0.0,0
1,179,227,154,199,232,166,172,206,15,2,0.0,0.0,0.0,0.0,0.0,0.0,0.0,0.0,0.0,0.0,0
1,179,227,143,92,223,116,253,206,15,2,0.0,0.0,0.0,0.0,0.0,0.0,0.0,0.0,0.0,0.0,0
10,104,120,144,110,164,11,145,206,15,2,0.0,0.0,0.0,0.0,0.0,0.0,0.0,0.0,0.0,0.0,0
1,179,227,151,110,164,17,88,206,15,2,0.0,0.0,0.0,0.0,0.0,0.0,0.0,0.0,0.0,0.0,0
1,179,227,140,110,164,11,58,200,15,2,0.0,0.0,0.0,0.0,0.0,0.0,0.0,0.0,0.0,0.0,0
1,179,227,153,92,223,116,253,206,15,2,0.0,0.0,0.0,0.0,0.0,0.0,0.0,0.0,0.0,0.0,0
1,179,227,149,110,164,11,73,200,15,2,0.0,0.0,0.0,0.0,0.0,0.0,0.0,0.0,0.0,0.0,0
10,104,235,238,23,39,81,215,200,15,2,0.0,0.0,0.0,0.0,0.0,0.0,0.0,0.0,0.0,0.0,0
1,179,227,148,110,164,11,73,200,15,2,0.0,0.0,0.0,0.0,0.0,0.0,0.0,0.0,0.0,0.0,0
1,179,227,142,199,232,166,172,206,15,2,0.0,0.0,0.0,0.0,0.0,0.0,0.0,0.0,0.0,0.0,0
10,104,239,245,110,164,28,25,0,15,2,0.0,0.0,0.0,0.0,0.0,0.0,0.0,0.0,0.0,0.0,0
10,104,105,1,110,164,17,88,503,15,2,0.0,0.0,0.0,0.0,0.0,0.0,0.0,0.0,0.0,0.0,0
1,179,227,153,110,164,11,73,200,15,2,0.0,0.0,0.0,0.0,0.0,0.0,0.0,0.0,0.0,0.0,0
1,179,227,141,92,223,116,253,206,15,2,0.0,0.0,0.0,0.0,0.0,0.0,0.0,0.0,0.0,0.0,0
1,179,227,146,144,208,223,168,304,15,2,0.0,0.0,0.0,0.0,0.0,0.0,0.0,0.0,0.0,0.0,0
1,179,227,139,199,232,166,172,206,15,2,0.0,0.0,0.0,0.0,0.0,0.0,0.0,0.0,0.0,0.0,0
10,104,112,201,199,232,166,172,403,15,2,0.0,0.0,0.0,0.0,0.0,0.0,0.0,0.0,0.0,0.0,0
10,134,45,96,110,164,11,58,200,15,2,0.0,0.0,0.0,0.0,0.0,0.0,0.0,0.0,0.0,0.0,0
1,179,227,154,199,232,166,172,206,15,2,0.0,0.0,0.0,0.0,0.0,0.0,0.0,0.0,0.0,0.0,0
10,104,121,50,103,21,25,187,0,15,2,0.0,0.0,0.0,0.0,0.0,0.0,0.0,0.0,0.0,0.0,1
10,134,77,180,92,223,116,253,403,15,2,0.0,0.0,0.0,0.0,0.0,0.0,0.0,0.0,0.0,0.0,0
10,104,235,244,110,164,11,73,200,15,2,0.0,0.0,0.0,0.0,0.0,0.0,0.0,0.0,0.0,0.0,0
1,179,227,152,110,164,11,73,200,15,2,0.0,0.0,0.0,0.0,0.0,0.0,0.0,0.0,0.0,0.0,0
10,104,208,112,92,223,116,252,206,15,2,0.0,0.0,0.0,0.0,0.0,0.0,0.0,0.0,0.0,0.0,0
1,179,227,139,110,164,11,73,200,15,2,0.0,0.0,0.0,0.0,0.0,0.0,0.0,0.0,0.0,0.0,0
1,179,227,138,43,174,32,150,206,15,2,0.0,0.0,0.0,0.0,0.0,0.0,0.0,0.0,0.0,0.0,0
1,179,227,86,203,113,34,34,200,15,2,0.0,0.0,0.0,0.0,0.0,0.0,0.0,0.0,0.0,0.0,0
1,179,227,151,199,232,166,172,206,15,2,0.0,0.0,0.0,0.0,0.0,0.0,0.0,0.0,0.0,0.0,0
1,179,227,152,92,223,116,252,206,15,2,0.0,0.0,0.0,0.0,0.0,0.0,0.0,0.0,0.0,0.0,0
1,179,227,137,92,223,116,253,206,15,2,0.0,0.0,0.0,0.0,0.0,0.0,0.0,0.0,0.0,0.0,0
10,104,102,199,110,164,17,98,503,15,2,0.0,0.0,0.0,0.0,0.0,0.0,0.0,0.0,0.0,0.0,0
1,179,227,141,110,164,11,73,200,15,2,0.0,0.0,0.0,0.0,0.0,0.0,0.0,0.0,0.0,0.0,0
10,134,123,172,110,164,17,88,503,15,2,0.0,0.0,0.0,0.0,0.0,0.0,0.0,0.0,0.0,0.0,0
10,101,101,4,110,164,28,16,206,15,2,0.0,0.0,0.0,0.0,0.0,0.0,0.0,0.0,0.0,0.0,0
10,104,117,239,110,164,11,144,200,15,2,0.0,0.0,1.0,0.0,0.0,0.0,0.0,0.0,0.0,0.0,0
1,179,227,143,110,164,11,58,200,15,2,0.0,0.0,0.0,0.0,0.0,0.0,0.0,0.0,0.0,0.0,0
1,179,227,138,43,174,53,240,206,15,2,0.0,0.0,0.0,0.0,0.0,0.0,0.0,0.0,0.0,0.0,0
1,179,227,139,92,223,116,252,206,15,2,0.0,0.0,1.0,0.0,0.0,0.0,0.0,0.0,0.0,0.0,0
10,104,235,128,110,164,17,98,206,15,2,0.0,0.0,0.0,0.0,0.0,0.0,0.0,0.0,0.0,0.0,0
10,104,112,165,43,174,53,240,206,15,2,0.0,0.0,0.0,0.0,0.0,0.0,0.0,0.0,0.0,0.0,0
1,179,227,144,110,164,11,58,200,15,2,0.0,0.0,0.0,0.0,0.0,0.0,0.0,0.0,0.0,0.0,0
10,104,8,1,122,155,167,47,200,15,2,0.0,0.0,0.0,0.0,0.0,0.0,0.0,0.0,0.0,0.0,0
1,179,227,141,92,223,116,253,206,15,2,0.0,0.0,0.0,0.0,0.0,0.0,0.0,0.0,0.0,0.0,0
1,179,227,155,110,164,11,112,200,15,2,0.0,0.0,0.0,0.0,0.0,0.0,0.0,0.0,0.0,0.0,0
10,104,108,24,110,164,17,88,206,15,2,0.0,0.0,0.0,0.0,0.0,0.0,0.0,0.0,0.0,0.0,0
10,104,170,73,10,104,4,36,200,15,2,0.0,0.0,0.0,0.0,0.0,0.0,0.0,0.0,0.0,0.0,0
10,104,192,210,92,223,116,253,503,15,2,0.0,0.0,0.0,0.0,0.0,0.0,0.0,0.0,0.0,0.0,0
10,104,108,34,110,164,11,58,200,15,2,0.0,0.0,0.0,0.0,0.0,0.0,0.0,0.0,0.0,0.0,0
1,179,227,141,110,164,17,88,206,15,2,0.0,0.0,0.0,0.0,0.0,0.0,0.0,0.0,0.0,0.0,0
49,49,44,194,1,179,227,69,503,15,2,1.0,0.0,0.0,0.0,0.0,0.0,0.0,0.0,0.0,0.0,0
1,179,227,152,92,223,116,252,206,15,2,0.0,0.0,1.0,0.0,0.0,0.0,0.0,0.0,0.0,0.0,0
1,179,227,141,199,232,166,172,206,15,2,0.0,0.0,0.0,0.0,0.0,0.0,0.0,0.0,0.0,0.0,0
1,179,227,138,199,232,166,172,403,15,2,0.0,0.0,0.0,0.0,0.0,0.0,0.0,0.0,0.0,0.0,0
10,104,117,239,1,179,227,78,302,15,2,0.0,0.0,0.0,0.0,0.0,0.0,0.0,0.0,0.0,0.0,1
1,179,227,155,110,164,17,88,206,15,2,0.0,0.0,0.0,0.0,0.0,0.0,0.0,0.0,0.0,0.0,0
10,104,100,120,92,223,116,253,206,15,2,0.0,0.0,0.0,0.0,0.0,0.0,0.0,0.0,0.0,0.0,0
10,104,198,194,92,223,116,253,206,15,2,0.0,0.0,0.0,0.0,0.0,0.0,0.0,0.0,0.0,0.0,0
1,179,227,153,103,21,25,187,400,15,2,0.0,0.0,0.0,0.0,0.0,0.0,0.0,0.0,0.0,0.0,1
1,179,227,143,92,223,116,253,206,15,2,0.0,0.0,0.0,0.0,0.0,0.0,0.0,0.0,0.0,0.0,0
1,179,227,152,110,164,11,144,206,15,2,0.0,0.0,1.0,0.0,0.0,0.0,0.0,0.0,0.0,0.0,0
10,142,126,11,110,164,28,24,206,15,2,0.0,0.0,0.0,0.0,0.0,0.0,0.0,0.0,0.0,0.0,0
1,179,227,153,110,164,17,88,206,15,2,0.0,0.0,0.0,0.0,0.0,0.0,0.0,0.0,0.0,0.0,0
1,179,227,138,199,232,166,172,206,15,2,0.0,0.0,0.0,0.0,0.0,0.0,0.0,0.0,0.0,0.0,0
1,179,227,153,110,164,253,169,200,15,2,0.0,0.0,0.0,0.0,0.0,0.0,0.0,0.0,0.0,0.0,0
10,104,107,136,92,223,116,252,206,15,2,0.0,0.0,0.0,0.0,0.0,0.0,0.0,0.0,0.0,0.0,0
10,104,121,130,110,164,11,58,200,15,2,0.0,0.0,0.0,0.0,0.0,0.0,0.0,0.0,0.0,0.0,0
1,179,227,139,110,164,11,144,206,15,2,0.0,0.0,1.0,0.0,0.0,0.0,0.0,0.0,0.0,0.0,0
1,179,227,147,110,164,17,88,206,15,2,0.0,0.0,0.0,0.0,0.0,0.0,0.0,0.0,0.0,0.0,0
1,179,227,138,43,174,32,150,206,15,2,0.0,0.0,0.0,0.0,0.0,0.0,0.0,0.0,0.0,0.0,0
10,104,198,194,92,223,116,253,206,15,2,0.0,0.0,0.0,0.0,0.0,0.0,0.0,0.0,0.0,0.0,0
10,104,120,152,103,21,25,187,400,15,2,0.0,0.0,0.0,0.0,0.0,0.0,0.0,0.0,0.0,0.0,1
10,104,112,165,43,174,53,240,206,15,2,0.0,0.0,0.0,0.0,0.0,0.0,0.0,0.0,0.0,0.0,0
1,179,227,154,199,232,166,172,206,15,2,0.0,0.0,0.0,0.0,0.0,0.0,0.0,0.0,0.0,0.0,0
1,179,227,138,110,164,11,73,200,15,2,0.0,0.0,0.0,0.0,0.0,0.0,0.0,0.0,0.0,0.0,0
10,134,123,172,110,164,17,88,206,15,2,0.0,0.0,0.0,0.0,0.0,0.0,0.0,0.0,0.0,0.0,0
10,130,216,24,10,104,4,165,200,15,2,0.0,0.0,0.0,0.0,0.0,0.0,0.0,0.0,0.0,1.0,0
1,179,227,150,92,223,116,252,206,15,2,0.0,0.0,0.0,0.0,0.0,0.0,0.0,0.0,0.0,0.0,0
10,134,78,157,43,152,33,203,503,15,2,0.0,0.0,0.0,0.0,0.0,0.0,0.0,0.0,0.0,0.0,0
1,179,227,155,199,232,166,172,206,15,2,0.0,0.0,0.0,0.0,0.0,0.0,0.0,0.0,0.0,0.0,0
10,104,108,30,110,164,17,88,206,15,2,0.0,0.0,0.0,0.0,0.0,0.0,0.0,0.0,0.0,0.0,0
1,179,227,138,43,174,32,150,206,15,2,0.0,0.0,0.0,0.0,0.0,0.0,0.0,0.0,0.0,0.0,0
10,104,111,70,199,232,166,172,206,15,2,0.0,0.0,0.0,0.0,0.0,0.0,0.0,0.0,0.0,0.0,0
10,104,103,236,110,164,11,58,200,15,2,0.0,0.0,0.0,0.0,0.0,0.0,0.0,0.0,0.0,0.0,0
10,104,112,179,10,104,117,155,200,15,2,0.0,0.0,0.0,0.0,0.0,0.0,0.0,0.0,0.0,0.0,0
1,179,227,153,203,153,50,90,206,15,2,0.0,0.0,0.0,0.0,0.0,0.0,0.0,0.0,0.0,0.0,0
10,104,102,107,199,232,166,172,206,15,2,0.0,0.0,0.0,0.0,0.0,0.0,0.0,0.0,0.0,0.0,0
1,179,227,139,110,164,11,73,200,15,2,0.0,0.0,0.0,0.0,0.0,0.0,0.0,0.0,0.0,0.0,0
1,179,227,151,110,164,17,88,206,15,2,0.0,0.0,0.0,0.0,0.0,0.0,0.0,0.0,0.0,0.0,0
10,104,125,24,110,164,11,73,200,15,2,0.0,0.0,0.0,0.0,0.0,0.0,0.0,0.0,0.0,0.0,0
1,179,227,152,92,223,116,252,206,15,2,0.0,0.0,1.0,0.0,0.0,0.0,0.0,0.0,0.0,0.0,0
10,104,103,235,199,232,166,172,206,15,2,0.0,0.0,0.0,0.0,0.0,0.0,0.0,0.0,0.0,0.0,0
1,179,227,155,92,223,116,252,206,15,2,0.0,0.0,0.0,0.0,0.0,0.0,0.0,0.0,0.0,0.0,0
10,134,77,180,110,164,17,88,206,15,2,0.0,0.0,0.0,0.0,0.0,0.0,0.0,0.0,0.0,0.0,0
10,134,45,227,110,164,11,58,200,15,2,0.0,0.0,0.0,0.0,0.0,0.0,0.0,0.0,0.0,0.0,0
10,104,198,194,92,223,116,253,206,15,2,0.0,0.0,0.0,0.0,0.0,0.0,0.0,0.0,0.0,0.0,0
10,104,107,121,199,232,166,172,206,15,2,0.0,0.0,0.0,0.0,0.0,0.0,0.0,0.0,0.0,0.0,0
10,141,69,58,92,223,116,252,206,15,2,0.0,0.0,0.0,0.0,0.0,0.0,0.0,0.0,0.0,0.0,0
10,134,123,172,110,164,17,88,503,15,2,0.0,0.0,0.0,0.0,0.0,0.0,0.0,0.0,0.0,0.0,0
1,179,227,151,203,113,34,98,206,15,2,0.0,0.0,1.0,0.0,0.0,0.0,0.0,0.0,0.0,0.0,0
1,179,227,138,110,164,11,58,200,15,2,0.0,0.0,0.0,0.0,0.0,0.0,0.0,0.0,0.0,0.0,0
1,179,227,148,110,164,11,73,200,15,2,0.0,0.0,0.0,0.0,0.0,0.0,0.0,0.0,0.0,0.0,0
1,179,227,149,110,164,17,98,206,15,2,0.0,0.0,0.0,0.0,0.0,0.0,0.0,0.0,0.0,0.0,0
10,104,115,236,110,164,11,73,200,15,2,0.0,0.0,0.0,0.0,0.0,0.0,0.0,0.0,0.0,0.0,0
1,179,227,143,92,223,116,253,206,15,2,0.0,0.0,0.0,0.0,0.0,0.0,0.0,0.0,0.0,0.0,0
10,133,22,22,10,104,4,36,200,15,2,0.0,0.0,0.0,0.0,0.0,0.0,0.0,0.0,0.0,0.0,0
10,104,100,201,110,164,11,98,200,15,2,0.0,0.0,0.0,0.0,0.0,0.0,0.0,0.0,0.0,0.0,0
1,179,227,149,110,164,17,98,206,15,2,0.0,0.0,0.0,0.0,0.0,0.0,0.0,0.0,0.0,0.0,0
1,179,227,150,92,223,116,253,206,15,2,0.0,0.0,0.0,0.0,0.0,0.0,0.0,0.0,0.0,0.0,0
10,104,188,183,10,104,4,122,404,15,2,0.0,0.0,0.0,0.0,0.0,0.0,0.0,0.0,0.0,0.0,0
10,104,235,239,110,164,11,73,200,15,2,0.0,0.0,0.0,0.0,0.0,0.0,0.0,0.0,0.0,0.0,0
10,134,78,188,110,164,11,58,200,15,2,0.0,0.0,0.0,0.0,0.0,0.0,0.0,0.0,0.0,0.0,0
1,179,227,142,110,164,17,98,403,15,2,0.0,0.0,0.0,0.0,0.0,0.0,0.0,0.0,0.0,0.0,0
10,104,101,203,110,164,11,73,200,15,2,0.0,0.0,0.0,0.0,0.0,0.0,0.0,0.0,0.0,0.0,0
1,179,227,155,92,223,116,253,206,15,2,0.0,0.0,0.0,0.0,0.0,0.0,0.0,0.0,0.0,0.0,0
1,179,227,152,110,164,11,73,200,15,2,0.0,0.0,0.0,0.0,0.0,0.0,0.0,0.0,0.0,0.0,0
1,179,227,138,43,174,32,150,206,15,2,0.0,0.0,0.0,0.0,0.0,0.0,0.0,0.0,0.0,0.0,0
1,179,227,140,110,164,11,73,200,15,2,0.0,0.0,0.0,0.0,0.0,0.0,0.0,0.0,0.0,0.0,0
10,104,197,24,92,223,116,253,503,15,2,0.0,0.0,1.0,0.0,0.0,0.0,0.0,0.0,0.0,0.0,0
10,104,239,245,110,164,28,25,0,15,2,0.0,0.0,0.0,0.0,0.0,0.0,0.0,0.0,0.0,0.0,0
10,104,120,156,203,153,50,90,503,15,2,0.0,0.0,1.0,0.0,0.0,0.0,0.0,0.0,0.0,0.0,0
10,104,121,87,199,232,166,172,206,15,2,0.0,0.0,0.0,0.0,0.0,0.0,0.0,0.0,0.0,0.0,0
1,179,227,145,188,172,208,137,200,15,2,0.0,0.0,0.0,0.0,0.0,0.0,0.0,0.0,0.0,0.0,0
1,179,227,144,199,232,166,172,206,15,2,0.0,0.0,0.0,0.0,0.0,0.0,0.0,0.0,0.0,0.0,0
10,104,235,128,110,164,17,98,503,15,2,0.0,0.0,0.0,0.0,0.0,0.0,0.0,0.0,0.0,0.0,0
1,179,227,139,199,232,166,172,206,15,2,0.0,0.0,0.0,0.0,0.0,0.0,0.0,0.0,0.0,0.0,0
10,134,45,225,110,164,11,58,200,15,2,0.0,0.0,0.0,0.0,0.0,0.0,0.0,0.0,0.0,0.0,0
10,104,115,162,110,164,11,73,200,15,2,0.0,0.0,0.0,0.0,0.0,0.0,0.0,0.0,0.0,0.0,0
1,179,227,143,92,223,116,253,206,15,2,0.0,0.0,0.0,0.0,0.0,0.0,0.0,0.0,0.0,0.0,0
1,179,227,151,199,232,166,172,206,15,2,0.0,0.0,0.0,0.0,0.0,0.0,0.0,0.0,0.0,0.0,0
1,179,227,144,199,232,166,172,206,15,2,0.0,0.0,0.0,0.0,0.0,0.0,0.0,0.0,0.0,0.0,0
1,179,227,143,92,223,116,253,206,15,2,0.0,0.0,0.0,0.0,0.0,0.0,0.0,0.0,0.0,0.0,0
10,104,235,128,110,164,17,98,503,15,2,0.0,0.0,0.0,0.0,0.0,0.0,0.0,0.0,0.0,0.0,0
10,104,170,73,10,104,4,36,200,15,2,0.0,0.0,0.0,0.0,0.0,0.0,0.0,0.0,0.0,0.0,0
1,179,227,152,92,223,116,252,206,15,2,0.0,0.0,0.0,0.0,0.0,0.0,0.0,0.0,0.0,0.0,0
1,179,227,139,110,164,28,9,206,15,2,0.0,0.0,0.0,0.0,0.0,0.0,0.0,0.0,0.0,0.0,0
10,104,235,103,10,104,117,73,200,15,2,0.0,0.0,0.0,0.0,0.0,0.0,0.0,0.0,0.0,0.0,0
1,179,227,142,110,164,11,58,200,15,2,0.0,0.0,0.0,0.0,0.0,0.0,0.0,0.0,0.0,0.0,0
10,134,123,56,110,164,11,73,200,15,2,0.0,0.0,0.0,0.0,0.0,0.0,0.0,0.0,0.0,0.0,0
10,104,170,73,10,104,4,36,200,15,2,0.0,0.0,0.0,0.0,0.0,0.0,0.0,0.0,0.0,0.0,0
10,104,112,179,10,104,117,155,200,15,2,0.0,0.0,0.0,0.0,0.0,0.0,0.0,0.0,0.0,0.0,0
10,104,235,103,10,104,117,73,304,15,2,0.0,0.0,0.0,0.0,0.0,0.0,0.0,0.0,0.0,0.0,0
1,179,227,139,1,179,246,218,200,15,2,0.0,0.0,0.0,0.0,0.0,0.0,0.0,0.0,0.0,1.0,0
10,100,156,110,110,164,11,163,206,15,2,0.0,0.0,1.0,0.0,0.0,0.0,0.0,0.0,0.0,0.0,0
1,179,227,139,1,179,246,218,200,15,2,0.0,0.0,0.0,0.0,0.0,0.0,0.0,0.0,0.0,1.0,0
10,104,170,73,10,104,4,36,200,15,2,0.0,0.0,0.0,0.0,0.0,0.0,0.0,0.0,0.0,0.0,0
1,179,227,137,110,164,17,88,206,15,2,0.0,0.0,0.0,0.0,0.0,0.0,0.0,0.0,0.0,0.0,0
1,179,227,156,110,164,21,178,206,15,2,0.0,0.0,1.0,0.0,0.0,0.0,0.0,0.0,0.0,0.0,0
10,134,44,156,110,164,17,98,503,15,2,0.0,0.0,0.0,0.0,0.0,0.0,0.0,0.0,0.0,0.0,0
10,134,76,163,110,164,11,58,200,15,2,0.0,0.0,0.0,0.0,0.0,0.0,0.0,0.0,0.0,0.0,0
10,104,235,103,10,104,117,73,200,15,2,0.0,0.0,0.0,0.0,0.0,0.0,0.0,0.0,0.0,0.0,0
10,104,107,93,199,232,166,172,206,15,2,0.0,0.0,0.0,0.0,0.0,0.0,0.0,0.0,0.0,0.0,0
10,104,235,231,92,223,116,252,503,15,2,0.0,0.0,0.0,0.0,0.0,0.0,0.0,0.0,0.0,0.0,0
10,104,239,113,199,232,166,172,403,15,2,0.0,0.0,0.0,0.0,0.0,0.0,0.0,0.0,0.0,0.0,0
1,179,227,140,110,164,11,73,200,15,2,0.0,0.0,0.0,0.0,0.0,0.0,0.0,0.0,0.0,0.0,0
10,104,197,24,110,164,17,98,503,15,2,0.0,0.0,0.0,0.0,0.0,0.0,0.0,0.0,0.0,0.0,0
10,104,192,214,203,153,50,90,0,15,2,0.0,0.0,1.0,0.0,0.0,0.0,0.0,0.0,0.0,0.0,0
1,179,227,145,110,164,11,73,200,15,2,0.0,0.0,0.0,0.0,0.0,0.0,0.0,0.0,0.0,0.0,0
1,179,227,154,199,232,166,172,206,15,2,0.0,0.0,0.0,0.0,0.0,0.0,0.0,0.0,0.0,0.0,0
1,179,227,138,43,174,32,118,206,15,2,0.0,0.0,0.0,0.0,0.0,0.0,0.0,0.0,0.0,0.0,0
10,104,108,24,110,164,11,58,200,15,2,0.0,0.0,0.0,0.0,0.0,0.0,0.0,0.0,0.0,0.0,0
10,104,239,245,110,164,28,25,0,15,2,0.0,0.0,0.0,0.0,0.0,0.0,0.0,0.0,0.0,0.0,0
1,179,227,155,110,164,11,58,200,15,2,0.0,0.0,0.0,0.0,0.0,0.0,0.0,0.0,0.0,0.0,0
1,179,227,143,92,223,116,253,206,15,2,0.0,0.0,0.0,0.0,0.0,0.0,0.0,0.0,0.0,0.0,0
10,104,125,10,110,164,17,88,503,15,2,0.0,0.0,0.0,0.0,0.0,0.0,0.0,0.0,0.0,0.0,0
10,104,101,105,199,232,166,172,206,15,2,0.0,0.0,0.0,0.0,0.0,0.0,0.0,0.0,0.0,0.0,0
10,104,170,73,10,104,4,36,200,15,2,0.0,0.0,0.0,0.0,0.0,0.0,0.0,0.0,0.0,0.0,0
10,104,112,165,43,174,32,150,206,15,2,0.0,0.0,0.0,0.0,0.0,0.0,0.0,0.0,0.0,0.0,0
10,134,45,78,199,232,166,172,206,15,2,0.0,0.0,0.0,0.0,0.0,0.0,0.0,0.0,0.0,0.0,0
1,179,227,149,110,164,17,98,206,15,2,0.0,0.0,0.0,0.0,0.0,0.0,0.0,0.0,0.0,0.0,0
10,104,100,129,92,223,116,252,206,15,2,0.0,0.0,0.0,0.0,0.0,0.0,0.0,0.0,0.0,0.0,0
1,179,227,142,199,232,166,172,206,15,2,0.0,0.0,0.0,0.0,0.0,0.0,0.0,0.0,0.0,0.0,0
10,104,108,30,110,164,17,88,503,15,2,0.0,0.0,0.0,0.0,0.0,0.0,0.0,0.0,0.0,0.0,0
1,179,227,151,203,153,50,90,206,15,2,0.0,0.0,1.0,0.0,0.0,0.0,0.0,0.0,0.0,0.0,0
1,179,227,139,92,223,116,252,206,15,2,0.0,0.0,0.0,0.0,0.0,0.0,0.0,0.0,0.0,0.0,0
1,179,227,153,125,24,249,250,206,15,2,0.0,0.0,1.0,0.0,0.0,0.0,0.0,0.0,0.0,0.0,0
10,104,117,239,23,210,96,39,200,15,2,0.0,0.0,0.0,0.0,0.0,0.0,0.0,0.0,0.0,0.0,0
10,104,170,73,10,104,4,36,200,15,2,0.0,0.0,0.0,0.0,0.0,0.0,0.0,0.0,0.0,0.0,0
1,179,227,154,110,164,11,73,200,15,2,0.0,0.0,0.0,0.0,0.0,0.0,0.0,0.0,0.0,0.0,0
1,179,227,154,110,164,17,88,206,15,2,0.0,0.0,0.0,0.0,0.0,0.0,0.0,0.0,0.0,0.0,0
10,104,105,83,110,164,17,88,206,15,2,0.0,0.0,0.0,0.0,0.0,0.0,0.0,0.0,0.0,0.0,0
1,179,227,153,110,164,28,16,206,15,2,0.0,0.0,0.0,0.0,0.0,0.0,0.0,0.0,0.0,0.0,0
10,104,100,120,92,223,116,252,206,15,2,0.0,0.0,0.0,0.0,0.0,0.0,0.0,0.0,0.0,0.0,0
1,179,227,145,92,223,116,253,206,15,2,0.0,0.0,0.0,0.0,0.0,0.0,0.0,0.0,0.0,0.0,0
1,179,227,138,43,174,53,240,206,15,2,0.0,0.0,0.0,0.0,0.0,0.0,0.0,0.0,0.0,0.0,0
1,179,227,153,110,164,11,114,206,15,2,0.0,0.0,0.0,0.0,0.0,0.0,0.0,0.0,0.0,0.0,0
1,179,227,154,199,232,166,172,206,15,2,0.0,0.0,0.0,0.0,0.0,0.0,0.0,0.0,0.0,0.0,0
1,179,227,139,110,164,28,9,206,15,2,0.0,0.0,0.0,0.0,0.0,0.0,0.0,0.0,0.0,0.0,0
1,179,227,139,110,164,17,88,206,15,2,0.0,0.0,0.0,0.0,0.0,0.0,0.0,0.0,0.0,0.0,0
1,179,227,153,110,164,11,58,200,15,2,0.0,0.0,0.0,0.0,0.0,0.0,0.0,0.0,0.0,0.0,0
1,179,227,147,199,232,166,172,206,15,2,0.0,0.0,0.0,0.0,0.0,0.0,0.0,0.0,0.0,0.0,0
1,179,227,144,199,232,166,172,206,15,2,0.0,0.0,0.0,0.0,0.0,0.0,0.0,0.0,0.0,0.0,0
1,179,227,138,43,174,32,150,206,15,2,0.0,0.0,0.0,0.0,0.0,0.0,0.0,0.0,0.0,0.0,0
1,179,227,153,110,164,17,98,403,15,2,0.0,0.0,0.0,0.0,0.0,0.0,0.0,0.0,0.0,0.0,0
10,104,120,156,203,153,50,90,503,15,2,0.0,0.0,1.0,0.0,0.0,0.0,0.0,0.0,0.0,0.0,0
10,104,7,113,104,18,21,226,200,15,2,0.0,0.0,0.0,0.0,0.0,0.0,0.0,0.0,0.0,0.0,1
1,179,227,147,110,164,17,88,206,15,2,0.0,0.0,0.0,0.0,0.0,0.0,0.0,0.0,0.0,0.0,0
1,179,227,155,110,164,11,73,200,15,2,0.0,0.0,0.0,0.0,0.0,0.0,0.0,0.0,0.0,0.0,0
10,134,45,78,199,232,166,172,206,15,2,0.0,0.0,0.0,0.0,0.0,0.0,0.0,0.0,0.0,0.0,0
10,104,117,239,23,210,96,39,200,15,2,0.0,0.0,0.0,0.0,0.0,0.0,0.0,0.0,0.0,0.0,0
1,179,227,154,110,164,11,58,200,15,2,0.0,0.0,0.0,0.0,0.0,0.0,0.0,0.0,0.0,0.0,0
10,134,77,180,110,164,17,98,403,15,2,0.0,0.0,0.0,0.0,0.0,0.0,0.0,0.0,0.0,0.0,0
1,179,227,148,110,164,11,58,200,15,2,0.0,0.0,0.0,0.0,0.0,0.0,0.0,0.0,0.0,0.0,0
10,104,112,165,43,174,32,150,206,15,2,0.0,0.0,0.0,0.0,0.0,0.0,0.0,0.0,0.0,0.0,0
10,104,7,195,43,174,53,240,200,15,2,0.0,0.0,1.0,0.0,0.0,0.0,0.0,0.0,0.0,0.0,0
10,134,78,102,110,164,17,88,503,15,2,0.0,0.0,0.0,0.0,0.0,0.0,0.0,0.0,0.0,0.0,0
1,179,227,138,43,174,32,150,206,15,2,0.0,0.0,0.0,0.0,0.0,0.0,0.0,0.0,0.0,0.0,0
10,104,105,10,92,223,116,253,503,15,2,0.0,0.0,1.0,0.0,0.0,0.0,0.0,0.0,0.0,0.0,0
10,104,108,30,110,164,17,88,206,15,2,0.0,0.0,0.0,0.0,0.0,0.0,0.0,0.0,0.0,0.0,0
10,104,112,165,43,174,32,150,206,15,2,0.0,0.0,0.0,0.0,0.0,0.0,0.0,0.0,0.0,0.0,0
10,104,112,165,43,174,32,150,206,15,2,0.0,0.0,0.0,0.0,0.0,0.0,0.0,0.0,0.0,0.0,0
1,179,227,153,110,164,17,88,206,15,2,0.0,0.0,0.0,0.0,0.0,0.0,0.0,0.0,0.0,0.0,0
1,179,227,137,203,153,50,90,206,15,2,0.0,0.0,1.0,0.0,0.0,0.0,0.0,0.0,0.0,0.0,0
1,179,227,146,110,164,17,98,206,15,2,0.0,0.0,0.0,0.0,0.0,0.0,0.0,0.0,0.0,0.0,0
10,104,117,239,104,18,21,226,200,15,2,0.0,0.0,0.0,0.0,0.0,0.0,0.0,0.0,0.0,0.0,1
1,179,227,138,43,174,32,150,206,15,2,0.0,0.0,0.0,0.0,0.0,0.0,0.0,0.0,0.0,0.0,0
10,104,239,102,110,164,11,58,200,15,2,0.0,0.0,0.0,0.0,0.0,0.0,0.0,0.0,0.0,0.0,0
1,179,227,139,110,164,17,88,206,15,2,0.0,0.0,0.0,0.0,0.0,0.0,0.0,0.0,0.0,0.0,0
10,104,100,135,110,164,11,58,200,15,2,0.0,0.0,0.0,0.0,0.0,0.0,0.0,0.0,0.0,0.0,0
10,104,235,103,10,104,117,73,304,15,2,0.0,0.0,0.0,0.0,0.0,0.0,0.0,0.0,0.0,0.0,0
10,104,108,197,92,223,116,252,503,15,2,0.0,0.0,0.0,0.0,0.0,0.0,0.0,0.0,0.0,0.0,0
1,179,227,148,110,164,17,98,403,15,2,0.0,0.0,0.0,0.0,0.0,0.0,0.0,0.0,0.0,0.0,0
1,179,227,147,199,232,166,172,206,15,2,0.0,0.0,0.0,0.0,0.0,0.0,0.0,0.0,0.0,0.0,0
10,134,45,213,110,164,11,73,200,15,2,0.0,0.0,0.0,0.0,0.0,0.0,0.0,0.0,0.0,0.0,0
10,104,235,163,199,232,166,172,206,15,2,0.0,0.0,0.0,0.0,0.0,0.0,0.0,0.0,0.0,0.0,0
1,179,227,140,92,223,116,253,206,15,2,0.0,0.0,1.0,0.0,0.0,0.0,0.0,0.0,0.0,0.0,0
1,179,227,138,43,174,32,118,206,15,2,0.0,0.0,0.0,0.0,0.0,0.0,0.0,0.0,0.0,0.0,0
10,104,235,231,92,223,116,252,503,15,2,0.0,0.0,0.0,0.0,0.0,0.0,0.0,0.0,0.0,0.0,0
10,104,117,239,23,210,96,39,200,15,2,0.0,0.0,0.0,0.0,0.0,0.0,0.0,0.0,0.0,0.0,0
10,134,45,75,172,66,146,164,200,15,2,0.0,0.0,0.0,0.0,0.0,0.0,0.0,0.0,0.0,0.0,0
10,104,235,103,10,104,117,73,200,15,2,0.0,0.0,0.0,0.0,0.0,0.0,0.0,0.0,0.0,0.0,0
1,179,227,146,37,252,244,134,200,15,2,0.0,0.0,0.0,0.0,0.0,0.0,0.0,0.0,0.0,0.0,0
1,179,227,138,43,174,32,150,206,15,2,0.0,0.0,0.0,0.0,0.0,0.0,0.0,0.0,0.0,0.0,0
10,104,117,239,23,210,96,39,200,15,2,0.0,0.0,0.0,0.0,0.0,0.0,0.0,0.0,0.0,0.0,0
10,104,244,48,10,104,4,36,200,15,2,0.0,0.0,0.0,0.0,0.0,0.0,0.0,0.0,0.0,0.0,0
10,104,235,103,10,104,117,73,304,15,2,0.0,0.0,0.0,0.0,0.0,0.0,0.0,0.0,0.0,0.0,0
10,104,112,201,199,232,166,172,206,15,2,0.0,0.0,0.0,0.0,0.0,0.0,0.0,0.0,0.0,0.0,0
10,104,102,243,110,164,11,73,200,15,2,0.0,0.0,0.0,0.0,0.0,0.0,0.0,0.0,0.0,0.0,0
1,179,227,156,110,164,11,58,200,15,2,0.0,0.0,0.0,0.0,0.0,0.0,0.0,0.0,0.0,0.0,0
1,179,227,144,199,232,166,172,206,15,2,0.0,0.0,0.0,0.0,0.0,0.0,0.0,0.0,0.0,0.0,0
10,104,192,210,92,223,116,253,0,15,2,0.0,0.0,0.0,0.0,0.0,0.0,0.0,0.0,0.0,0.0,0
10,104,7,197,43,174,32,118,200,15,2,0.0,0.0,1.0,0.0,0.0,0.0,0.0,0.0,0.0,0.0,0
1,179,227,144,199,232,166,172,206,15,2,0.0,0.0,0.0,0.0,0.0,0.0,0.0,0.0,0.0,0.0,0
10,104,170,73,10,104,4,36,200,15,2,0.0,0.0,0.0,0.0,0.0,0.0,0.0,0.0,0.0,0.0,0
10,104,108,30,110,164,17,88,503,15,2,0.0,0.0,0.0,0.0,0.0,0.0,0.0,0.0,0.0,0.0,0
10,134,44,132,172,217,25,3,200,15,2,0.0,0.0,0.0,0.0,0.0,0.0,0.0,0.0,0.0,0.0,0
10,104,208,102,110,164,11,58,200,15,2,0.0,0.0,0.0,0.0,0.0,0.0,0.0,0.0,0.0,0.0,0
10,134,45,172,110,164,11,73,200,15,2,0.0,0.0,0.0,0.0,0.0,0.0,0.0,0.0,0.0,0.0,0
10,134,77,150,54,255,136,181,200,15,2,0.0,0.0,0.0,0.0,0.0,0.0,0.0,0.0,0.0,0.0,0
10,104,105,147,110,164,11,144,206,15,2,0.0,0.0,1.0,0.0,0.0,0.0,0.0,0.0,0.0,0.0,0
10,104,108,139,110,164,11,73,200,15,2,0.0,0.0,0.0,0.0,0.0,0.0,0.0,0.0,0.0,0.0,0
10,104,170,73,10,104,4,36,200,15,2,0.0,0.0,0.0,0.0,0.0,0.0,0.0,0.0,0.0,0.0,0
1,179,227,152,92,223,116,252,206,15,2,0.0,0.0,0.0,0.0,0.0,0.0,0.0,0.0,0.0,0.0,0
1,179,227,141,92,223,116,252,206,15,2,0.0,0.0,0.0,0.0,0.0,0.0,0.0,0.0,0.0,0.0,0
10,104,235,103,10,104,117,73,200,15,2,0.0,0.0,0.0,0.0,0.0,0.0,0.0,0.0,0.0,0.0,0
1,179,227,155,92,223,116,252,206,15,2,0.0,0.0,0.0,0.0,0.0,0.0,0.0,0.0,0.0,0.0,0
1,179,227,138,43,174,32,150,206,15,2,0.0,0.0,0.0,0.0,0.0,0.0,0.0,0.0,0.0,0.0,0
1,179,227,154,199,232,166,172,206,15,2,0.0,0.0,1.0,0.0,0.0,0.0,0.0,0.0,0.0,0.0,0
1,179,227,142,110,164,17,88,206,15,2,0.0,0.0,0.0,0.0,0.0,0.0,0.0,0.0,0.0,0.0,0
10,104,104,62,110,164,17,98,206,15,2,0.0,0.0,0.0,0.0,0.0,0.0,0.0,0.0,0.0,0.0,0
10,104,239,8,110,164,11,58,200,15,2,0.0,0.0,0.0,0.0,0.0,0.0,0.0,0.0,0.0,0.0,0
10,104,102,34,110,164,17,98,206,15,2,0.0,0.0,0.0,0.0,0.0,0.0,0.0,0.0,0.0,0.0,0
10,104,105,51,92,223,116,252,503,15,2,0.0,0.0,0.0,0.0,0.0,0.0,0.0,0.0,0.0,0.0,0
10,104,121,71,110,164,11,73,200,15,2,0.0,0.0,0.0,0.0,0.0,0.0,0.0,0.0,0.0,0.0,0
10,101,101,4,110,164,11,114,503,15,2,0.0,0.0,0.0,0.0,0.0,0.0,0.0,0.0,0.0,0.0,0
1,179,227,145,110,164,11,73,200,15,2,0.0,0.0,0.0,0.0,0.0,0.0,0.0,0.0,0.0,0.0,0
1,179,227,154,110,164,17,88,206,15,2,0.0,0.0,0.0,0.0,0.0,0.0,0.0,0.0,0.0,0.0,0
10,104,112,165,110,164,17,98,206,15,2,0.0,0.0,0.0,0.0,0.0,0.0,0.0,0.0,0.0,0.0,0
1,179,227,149,110,164,11,58,200,15,2,0.0,0.0,0.0,0.0,0.0,0.0,0.0,0.0,0.0,0.0,0
1,179,227,138,199,232,166,172,206,15,2,0.0,0.0,0.0,0.0,0.0,0.0,0.0,0.0,0.0,0.0,0
10,104,235,103,10,104,117,73,304,15,2,0.0,0.0,0.0,0.0,0.0,0.0,0.0,0.0,0.0,0.0,0
1,179,227,155,199,232,166,172,206,15,2,0.0,0.0,0.0,0.0,0.0,0.0,0.0,0.0,0.0,0.0,0
1,179,227,150,43,174,32,118,206,15,2,0.0,0.0,0.0,0.0,0.0,0.0,0.0,0.0,0.0,0.0,0
1,179,227,138,110,164,17,88,206,15,2,0.0,0.0,0.0,0.0,0.0,0.0,0.0,0.0,0.0,0.0,0
10,104,184,25,10,104,4,122,302,15,2,0.0,0.0,0.0,0.8052664260428896,0.0,0.0,0.0,0.0,0.0,0.5929131328349131,0
1,179,227,145,199,232,166,172,206,15,2,0.0,0.0,1.0,0.0,0.0,0.0,0.0,0.0,0.0,0.0,0
1,179,227,149,110,164,17,98,206,15,2,0.0,0.0,0.0,0.0,0.0,0.0,0.0,0.0,0.0,0.0,0
1,179,227,151,110,164,17,98,206,15,2,0.0,0.0,0.0,0.0,0.0,0.0,0.0,0.0,0.0,0.0,0
10,104,4,31,34,107,221,82,200,15,2,0.0,0.0,0.0,0.0,0.0,0.0,0.0,0.0,0.0,0.0,0
10,104,112,165,43,174,32,118,206,15,2,0.0,0.0,0.0,0.0,0.0,0.0,0.0,0.0,0.0,0.0,0
1,179,227,139,110,164,11,58,200,15,2,0.0,0.0,0.0,0.0,0.0,0.0,0.0,0.0,0.0,0.0,0
10,104,120,156,203,153,50,90,0,15,2,0.0,0.0,1.0,0.0,0.0,0.0,0.0,0.0,0.0,0.0,0
1,179,227,143,110,164,11,73,200,15,2,0.0,0.0,0.0,0.0,0.0,0.0,0.0,0.0,0.0,0.0,0
10,134,44,132,172,217,25,3,200,15,2,0.0,0.0,0.0,0.0,0.0,0.0,0.0,0.0,0.0,0.0,0
1,179,227,152,110,164,11,73,200,15,2,0.0,0.0,0.0,0.0,0.0,0.0,0.0,0.0,0.0,0.0,0
10,104,105,51,92,223,116,252,503,15,2,0.0,0.0,0.0,0.0,0.0,0.0,0.0,0.0,0.0,0.0,0
1,179,227,145,110,164,11,73,200,15,2,0.0,0.0,0.0,0.0,0.0,0.0,0.0,0.0,0.0,0.0,0
1,179,227,141,110,164,11,73,200,15,2,0.0,0.0,0.0,0.0,0.0,0.0,0.0,0.0,0.0,0.0,0
1,179,227,151,92,223,116,253,206,15,2,0.0,0.0,1.0,0.0,0.0,0.0,0.0,0.0,0.0,0.0,0
10,134,44,130,110,164,11,73,200,15,2,0.0,0.0,0.0,0.0,0.0,0.0,0.0,0.0,0.0,0.0,0
1,179,227,139,199,232,166,172,206,15,2,0.0,0.0,0.0,0.0,0.0,0.0,0.0,0.0,0.0,0.0,0
1,179,227,145,110,164,11,73,200,15,2,0.0,0.0,0.0,0.0,0.0,0.0,0.0,0.0,0.0,0.0,0
10,104,197,24,92,223,116,253,206,15,2,0.0,0.0,0.0,0.0,0.0,0.0,0.0,0.0,0.0,0.0,0
1,179,227,139,92,223,116,253,403,15,2,0.0,0.0,0.0,0.0,0.0,0.0,0.0,0.0,0.0,0.0,0
10,104,112,165,43,174,32,150,206,15,2,0.0,0.0,0.0,0.0,0.0,0.0,0.0,0.0,0.0,0.0,0
10,104,208,112,92,223,116,252,503,15,2,0.0,0.0,0.0,0.0,0.0,0.0,0.0,0.0,0.0,0.0,0
1,179,227,142,110,164,11,58,200,15,2,0.0,0.0,0.0,0.0,0.0,0.0,0.0,0.0,0.0,0.0,0
10,104,8,163,110,164,11,73,200,15,2,0.0,0.0,0.0,0.0,0.0,0.0,0.0,0.0,0.0,0.0,0
10,104,107,136,110,164,11,73,200,15,2,0.0,0.0,0.0,0.0,0.0,0.0,0.0,0.0,0.0,0.0,0
10,134,44,156,110,164,17,88,503,15,2,0.0,0.0,0.0,0.0,0.0,0.0,0.0,0.0,0.0,0.0,0
10,101,101,4,23,39,81,215,200,15,2,0.0,0.0,0.0,0.0,0.0,0.0,0.0,0.0,0.0,0.0,0
1,179,227,153,92,223,116,253,206,15,2,0.0,0.0,1.0,0.0,0.0,0.0,0.0,0.0,0.0,0.0,0
1,179,227,143,92,223,116,253,206,15,2,0.0,0.0,0.0,0.0,0.0,0.0,0.0,0.0,0.0,0.0,0
1,179,227,139,110,164,17,88,206,15,2,0.0,0.0,0.0,0.0,0.0,0.0,0.0,0.0,0.0,0.0,0
10,133,18,20,10,104,4,122,200,15,2,0.0,0.0,0.0,0.0,0.0,0.0,0.0,0.0,0.0,1.0,0
1,179,227,137,172,217,25,3,200,15,2,0.0,0.0,0.0,0.0,0.0,0.0,0.0,0.0,0.0,0.0,0
1,179,227,138,43,174,32,118,206,15,2,0.0,0.0,0.0,0.0,0.0,0.0,0.0,0.0,0.0,0.0,0
1,179,227,143,92,223,116,253,206,15,2,0.0,0.0,0.0,0.0,0.0,0.0,0.0,0.0,0.0,0.0,0
10,104,103,110,110,164,11,58,200,15,2,0.0,0.0,0.0,0.0,0.0,0.0,0.0,0.0,0.0,0.0,0
10,104,239,245,110,164,28,25,0,15,2,0.0,0.0,0.0,0.0,0.0,0.0,0.0,0.0,0.0,0.0,0
1,179,227,152,110,164,11,58,200,15,2,0.0,0.0,0.0,0.0,0.0,0.0,0.0,0.0,0.0,0.0,0
1,179,227,138,43,174,53,240,206,15,2,0.0,0.0,0.0,0.0,0.0,0.0,0.0,0.0,0.0,0.0,0
1,179,227,138,43,174,32,150,206,15,2,0.0,0.0,0.0,0.0,0.0,0.0,0.0,0.0,0.0,0.0,0
1,179,227,143,92,223,116,253,206,15,2,0.0,0.0,0.0,0.0,0.0,0.0,0.0,0.0,0.0,0.0,0
1,179,227,138,43,174,32,150,206,15,2,0.0,0.0,0.0,0.0,0.0,0.0,0.0,0.0,0.0,0.0,0
1,179,227,149,110,164,17,98,206,15,2,0.0,0.0,0.0,0.0,0.0,0.0,0.0,0.0,0.0,0.0,0
1,179,227,139,110,164,17,88,206,15,2,0.0,0.0,0.0,0.0,0.0,0.0,0.0,0.0,0.0,0.0,0
10,104,121,119,199,232,166,172,206,15,2,0.0,0.0,0.0,0.0,0.0,0.0,0.0,0.0,0.0,0.0,0
1,179,227,138,43,174,53,240,206,15,2,0.0,0.0,0.0,0.0,0.0,0.0,0.0,0.0,0.0,0.0,0
10,104,103,235,199,232,166,172,206,15,2,0.0,0.0,0.0,0.0,0.0,0.0,0.0,0.0,0.0,0.0,0
10,104,198,194,92,223,116,253,206,15,2,0.0,0.0,0.0,0.0,0.0,0.0,0.0,0.0,0.0,0.0,0
1,179,227,147,110,164,11,91,206,15,2,0.0,0.0,0.0,0.0,0.0,0.0,0.0,0.0,0.0,0.0,0
10,104,125,121,110,164,17,98,403,15,2,0.0,0.0,0.0,0.0,0.0,0.0,0.0,0.0,0.0,0.0,0
1,179,227,138,43,174,32,150,206,15,2,0.0,0.0,0.0,0.0,0.0,0.0,0.0,0.0,0.0,0.0,0
1,179,227,154,199,232,166,172,206,15,2,0.0,0.0,1.0,0.0,0.0,0.0,0.0,0.0,0.0,0.0,0
1,179,227,156,110,164,11,58,200,15,2,0.0,0.0,0.0,0.0,0.0,0.0,0.0,0.0,0.0,0.0,0
1,179,227,143,110,164,11,73,200,15,2,0.0,0.0,0.0,0.0,0.0,0.0,0.0,0.0,0.0,0.0,0
1,179,227,137,110,164,17,98,206,15,2,0.0,0.0,0.0,0.0,0.0,0.0,0.0,0.0,0.0,0.0,0
1,179,227,142,199,232,166,172,206,15,2,0.0,0.0,1.0,0.0,0.0,0.0,0.0,0.0,0.0,0.0,0
1,179,227,153,110,164,28,16,206,15,2,0.0,0.0,0.0,0.0,0.0,0.0,0.0,0.0,0.0,0.0,0
1,179,227,153,110,164,11,99,206,15,2,0.0,0.0,0.0,0.0,0.0,0.0,0.0,0.0,0.0,0.0,0
10,104,170,73,10,104,4,36,200,15,2,0.0,0.0,0.0,0.0,0.0,0.0,0.0,0.0,0.0,0.0,0
1,179,227,141,110,164,11,73,200,15,2,0.0,0.0,0.0,0.0,0.0,0.0,0.0,0.0,0.0,0.0,0
10,104,121,119,199,232,166,172,206,15,2,0.0,0.0,0.0,0.0,0.0,0.0,0.0,0.0,0.0,0.0,0
10,104,239,51,110,164,11,73,200,15,2,0.0,0.0,0.0,0.0,0.0,0.0,0.0,0.0,0.0,0.0,0
1,179,227,143,92,223,116,253,206,15,2,0.0,0.0,0.0,0.0,0.0,0.0,0.0,0.0,0.0,0.0,0
1,179,227,146,37,252,244,134,0,15,2,0.0,0.0,0.0,0.0,0.0,0.0,0.0,0.0,0.0,0.0,0
1,179,227,156,110,164,11,73,200,15,2,0.0,0.0,0.0,0.0,0.0,0.0,0.0,0.0,0.0,0.0,0
1,179,227,152,110,164,17,88,206,15,2,0.0,0.0,0.0,0.0,0.0,0.0,0.0,0.0,0.0,0.0,0
10,104,102,108,110,164,11,58,200,15,2,0.0,0.0,0.0,0.0,0.0,0.0,0.0,0.0,0.0,0.0,0
10,104,121,60,92,223,116,252,503,15,2,0.0,0.0,0.0,0.0,0.0,0.0,0.0,0.0,0.0,0.0,0
1,179,227,138,43,174,32,118,206,15,2,0.0,0.0,0.0,0.0,0.0,0.0,0.0,0.0,0.0,0.0,0
10,104,108,30,110,164,17,88,503,15,2,0.0,0.0,0.0,0.0,0.0,0.0,0.0,0.0,0.0,0.0,0
1,179,227,151,203,153,50,90,206,15,2,0.0,0.0,1.0,0.0,0.0,0.0,0.0,0.0,0.0,0.0,0
1,179,227,138,110,164,17,88,206,15,2,0.0,0.0,0.0,0.0,0.0,0.0,0.0,0.0,0.0,0.0,0
10,104,102,166,103,21,25,187,0,15,2,0.0,0.0,0.0,0.0,0.0,0.0,0.0,0.0,0.0,0.0,1
10,104,192,210,92,223,116,253,206,15,2,0.0,0.0,0.0,0.0,0.0,0.0,0.0,0.0,0.0,0.0,0
1,179,227,144,199,232,166,172,206,15,2,0.0,0.0,0.0,0.0,0.0,0.0,0.0,0.0,0.0,0.0,0
1,179,227,149,203,153,50,33,200,15,2,0.0,0.0,1.0,0.0,0.0,0.0,0.0,0.0,0.0,0.0,0
10,104,105,83,110,164,17,88,206,15,2,0.0,0.0,0.0,0.0,0.0,0.0,0.0,0.0,0.0,0.0,0
10,104,197,41,110,164,11,58,200,15,2,0.0,0.0,0.0,0.0,0.0,0.0,0.0,0.0,0.0,0.0,0
10,104,112,165,43,174,53,240,206,15,2,0.0,0.0,0.0,0.0,0.0,0.0,0.0,0.0,0.0,0.0,0
10,104,239,245,110,164,28,25,0,15,2,0.0,0.0,0.0,0.0,0.0,0.0,0.0,0.0,0.0,0.0,0
1,179,227,139,110,164,17,98,206,15,2,0.0,0.0,0.0,0.0,0.0,0.0,0.0,0.0,0.0,0.0,0
10,104,108,42,110,164,11,73,200,15,2,0.0,0.0,0.0,0.0,0.0,0.0,0.0,0.0,0.0,0.0,0
1,179,227,138,43,174,53,240,206,15,2,0.0,0.0,0.0,0.0,0.0,0.0,0.0,0.0,0.0,0.0,0
10,104,103,110,110,164,28,9,206,15,2,0.0,0.0,0.0,0.0,0.0,0.0,0.0,0.0,0.0,0.0,0
10,104,102,208,110,164,11,73,200,15,2,0.0,0.0,0.0,0.0,0.0,0.0,0.0,0.0,0.0,0.0,0
10,104,107,93,199,232,166,172,206,15,2,0.0,0.0,0.0,0.0,0.0,0.0,0.0,0.0,0.0,0.0,0
125,24,164,195,1,179,227,82,503,15,2,0.0,0.0,0.0,0.0,0.0,0.0,0.0,0.0,0.0,0.0,0
1,179,227,147,110,164,11,73,200,15,2,0.0,0.0,0.0,0.0,0.0,0.0,0.0,0.0,0.0,0.0,0
10,134,45,192,110,164,17,98,503,15,2,0.0,0.0,0.0,0.0,0.0,0.0,0.0,0.0,0.0,0.0,0
10,101,101,4,110,164,11,114,206,15,2,0.0,0.0,0.0,0.0,0.0,0.0,0.0,0.0,0.0,0.0,0
10,104,198,194,92,223,116,253,206,15,2,0.0,0.0,0.0,0.0,0.0,0.0,0.0,0.0,0.0,0.0,0
10,104,102,199,110,164,17,98,206,15,2,0.0,0.0,0.0,0.0,0.0,0.0,0.0,0.0,0.0,0.0,0
10,104,192,210,92,223,116,253,206,15,2,0.0,0.0,0.0,0.0,0.0,0.0,0.0,0.0,0.0,0.0,0
10,104,208,236,110,164,11,73,200,15,2,0.0,0.0,0.0,0.0,0.0,0.0,0.0,0.0,0.0,0.0,0
1,179,227,141,110,164,11,58,200,15,2,0.0,0.0,0.0,0.0,0.0,0.0,0.0,0.0,0.0,0.0,0
1,179,227,155,92,223,116,252,206,15,2,0.0,0.0,0.0,0.0,0.0,0.0,0.0,0.0,0.0,0.0,0
1,179,227,143,92,223,116,253,206,15,2,0.0,0.0,0.0,0.0,0.0,0.0,0.0,0.0,0.0,0.0,0
10,104,7,113,43,174,32,118,200,15,2,0.0,0.0,1.0,0.0,0.0,0.0,0.0,0.0,0.0,0.0,0
1,179,227,139,1,179,246,218,200,15,2,0.0,0.0,0.0,0.0,0.0,0.0,0.0,0.0,0.0,1.0,0
10,104,101,105,199,232,166,172,206,15,2,0.0,0.0,0.0,0.0,0.0,0.0,0.0,0.0,0.0,0.0,0
10,104,239,45,110,164,11,73,200,15,2,0.0,0.0,0.0,0.0,0.0,0.0,0.0,0.0,0.0,0.0,0
1,179,227,153,110,164,17,88,403,15,2,0.0,0.0,0.0,0.0,0.0,0.0,0.0,0.0,0.0,0.0,0
10,134,122,64,92,223,116,252,206,15,2,0.0,0.0,0.0,0.0,0.0,0.0,0.0,0.0,0.0,0.0,0
10,104,103,235,199,232,166,172,206,15,2,0.0,0.0,0.0,0.0,0.0,0.0,0.0,0.0,0.0,0.0,0
1,179,227,144,110,164,11,58,200,15,2,0.0,0.0,0.0,0.0,0.0,0.0,0.0,0.0,0.0,0.0,0
1,179,227,138,43,174,53,240,206,15,2,0.0,0.0,0.0,0.0,0.0,0.0,0.0,0.0,0.0,0.0,0
10,104,100,121,110,164,11,58,200,15,2,0.0,0.0,0.0,0.0,0.0,0.0,0.0,0.0,0.0,0.0,0
1,179,227,148,142,250,204,67,204,15,2,0.0,0.0,0.0,0.0,0.0,0.0,0.0,0.0,0.0,0.0,0
10,104,112,165,43,174,32,150,206,15,2,0.0,0.0,0.0,0.0,0.0,0.0,0.0,0.0,0.0,0.0,0
10,134,45,78,199,232,166,172,503,15,2,0.0,0.0,0.0,0.0,0.0,0.0,0.0,0.0,0.0,0.0,0
1,179,227,148,110,164,11,58,200,15,2,0.0,0.0,0.0,0.0,0.0,0.0,0.0,0.0,0.0,0.0,0
1,179,227,147,110,164,17,88,206,15,2,0.0,0.0,0.0,0.0,0.0,0.0,0.0,0.0,0.0,0.0,0
1,179,227,138,43,174,53,240,206,15,2,0.0,0.0,0.0,0.0,0.0,0.0,0.0,0.0,0.0,0.0,0
10,104,112,165,43,174,32,150,206,15,2,0.0,0.0,0.0,0.0,0.0,0.0,0.0,0.0,0.0,0.0,0
10,104,117,239,23,39,81,96,0,15,2,0.0,0.0,0.0,0.0,0.0,0.0,0.0,0.0,0.0,0.0,0
10,104,239,214,110,164,11,73,200,15,2,0.0,0.0,0.0,0.0,0.0,0.0,0.0,0.0,0.0,0.0,0
1,179,227,151,203,153,50,90,206,15,2,0.0,0.0,1.0,0.0,0.0,0.0,0.0,0.0,0.0,0.0,0
1,179,227,153,203,153,50,90,206,15,2,0.0,0.0,0.0,0.0,0.0,0.0,0.0,0.0,0.0,0.0,0
10,104,112,165,43,174,53,240,206,15,2,0.0,0.0,0.0,0.0,0.0,0.0,0.0,0.0,0.0,0.0,0
10,104,208,15,110,164,11,58,200,15,2,0.0,0.0,0.0,0.0,0.0,0.0,0.0,0.0,0.0,0.0,0
1,179,227,147,203,153,50,90,206,15,2,0.0,0.0,1.0,0.0,0.0,0.0,0.0,0.0,0.0,0.0,0
1,179,227,139,1,179,246,218,200,15,2,0.0,0.0,0.0,0.0,0.0,0.0,0.0,0.0,0.0,1.0,0
10,104,198,194,92,223,116,253,206,15,2,0.0,0.0,0.0,0.0,0.0,0.0,0.0,0.0,0.0,0.0,0
10,104,7,197,43,174,32,118,200,15,2,0.0,0.0,1.0,0.0,0.0,0.0,0.0,0.0,0.0,0.0,0
10,104,112,201,199,232,166,172,206,15,2,0.0,0.0,0.0,0.0,0.0,0.0,0.0,0.0,0.0,0.0,0
10,104,208,62,110,164,11,58,200,15,2,0.0,0.0,0.0,0.0,0.0,0.0,0.0,0.0,0.0,0.0,0
1,179,227,146,199,232,166,172,206,15,2,0.0,0.0,0.0,0.0,0.0,0.0,0.0,0.0,0.0,0.0,0
10,104,235,103,10,104,117,73,404,15,2,0.0,0.0,0.0,0.0,0.0,0.0,0.0,0.0,0.0,0.0,0
1,179,227,147,110,164,17,88,206,15,2,0.0,0.0,0.0,0.0,0.0,0.0,0.0,0.0,0.0,0.0,0
10,104,192,214,203,153,50,90,0,15,2,0.0,0.0,1.0,0.0,0.0,0.0,0.0,0.0,0.0,0.0,0
1,179,227,153,110,164,28,24,206,15,2,0.0,0.0,0.0,0.0,0.0,0.0,0.0,0.0,0.0,0.0,0
1,179,227,153,110,164,17,88,206,15,2,0.0,0.0,0.0,0.0,0.0,0.0,0.0,0.0,0.0,0.0,0
10,104,117,239,104,18,20,226,200,15,2,0.0,0.0,0.0,0.0,0.0,0.0,0.0,0.0,0.0,0.0,0
1,179,227,139,1,179,246,218,200,15,2,0.0,0.0,0.0,0.0,0.0,0.0,0.0,0.0,0.0,1.0,0
10,104,112,179,10,104,117,155,200,15,2,0.0,0.0,0.0,0.0,0.0,0.0,0.0,0.0,0.0,0.0,0
10,141,69,58,92,223,116,252,206,15,2,0.0,0.0,0.0,0.0,0.0,0.0,0.0,0.0,0.0,0.0,0
10,104,239,22,110,164,11,58,200,15,2,0.0,0.0,0.0,0.0,0.0,0.0,0.0,0.0,0.0,0.0,0
1,179,227,149,110,164,11,58,200,15,2,0.0,0.0,0.0,0.0,0.0,0.0,0.0,0.0,0.0,0.0,0
10,104,121,50,110,164,11,73,200,15,2,0.0,0.0,0.0,0.0,0.0,0.0,0.0,0.0,0.0,0.0,0
10,134,77,150,54,179,136,152,200,15,2,0.0,0.0,0.0,0.0,0.0,0.0,0.0,0.0,0.0,0.0,0
1,179,227,143,92,223,116,253,206,15,2,0.0,0.0,0.0,0.0,0.0,0.0,0.0,0.0,0.0,0.0,0
10,104,104,62,110,164,17,98,503,15,2,0.0,0.0,0.0,0.0,0.0,0.0,0.0,0.0,0.0,0.0,0
10,104,117,239,23,39,81,96,0,15,2,0.0,0.0,0.0,0.0,0.0,0.0,0.0,0.0,0.0,0.0,0
10,134,45,82,110,164,11,73,200,15,2,0.0,0.0,0.0,0.0,0.0,0.0,0.0,0.0,0.0,0.0,0
1,179,227,151,203,113,34,81,206,15,2,0.0,0.0,1.0,0.0,0.0,0.0,0.0,0.0,0.0,0.0,0
10,104,112,179,10,104,117,155,200,15,2,0.0,0.0,0.0,0.0,0.0,0.0,0.0,0.0,0.0,0.0,0
10,104,239,245,110,164,28,25,0,15,2,0.0,0.0,0.0,0.0,0.0,0.0,0.0,0.0,0.0,0.0,0
10,104,103,235,199,232,166,172,206,15,2,0.0,0.0,0.0,0.0,0.0,0.0,0.0,0.0,0.0,0.0,0
10,104,170,73,10,104,4,36,200,15,2,0.0,0.0,0.0,0.0,0.0,0.0,0.0,0.0,0.0,0.0,0
10,104,208,112,92,223,116,252,206,15,2,0.0,0.0,0.0,0.0,0.0,0.0,0.0,0.0,0.0,0.0,0
1,179,227,137,92,223,116,252,206,15,2,0.0,0.0,0.0,0.0,0.0,0.0,0.0,0.0,0.0,0.0,0
10,104,103,249,110,164,17,98,403,15,2,0.0,0.0,0.0,0.0,0.0,0.0,0.0,0.0,0.0,0.0,0
1,179,227,126,1,179,227,78,302,15,2,0.0,0.0,0.0,0.0,0.0,0.0,0.0,0.0,0.0,0.0,1
10,134,45,192,110,164,17,88,503,15,2,0.0,0.0,0.0,0.0,0.0,0.0,0.0,0.0,0.0,0.0,0
1,179,227,139,110,164,11,144,206,15,2,0.0,0.0,1.0,0.0,0.0,0.0,0.0,0.0,0.0,0.0,0
1,179,227,85,110,164,28,17,200,15,2,0.0,0.0,0.0,0.0,0.0,0.0,0.0,0.0,0.0,0.0,0
1,179,227,154,199,232,166,172,403,15,2,0.0,0.0,0.0,0.0,0.0,0.0,0.0,0.0,0.0,0.0,0
10,134,45,97,110,164,11,73,200,15,2,0.0,0.0,0.0,0.0,0.0,0.0,0.0,0.0,0.0,0.0,0
10,104,170,73,10,104,4,36,200,15,2,0.0,0.0,0.0,0.0,0.0,0.0,0.0,0.0,0.0,0.0,0
1,179,227,152,92,223,116,253,206,15,2,0.0,0.0,0.0,0.0,0.0,0.0,0.0,0.0,0.0,0.0,0
10,104,235,103,10,104,117,73,200,15,2,0.0,0.0,0.0,0.0,0.0,0.0,0.0,0.0,0.0,0.0,0
10,101,101,4,110,164,11,99,503,15,2,0.0,0.0,0.0,0.0,0.0,0.0,0.0,0.0,0.0,0.0,0
10,104,7,113,104,18,20,226,200,15,2,0.0,0.0,0.0,0.0,0.0,0.0,0.0,0.0,0.0,0.0,0
1,179,227,137,110,164,11,58,200,15,2,0.0,0.0,0.0,0.0,0.0,0.0,0.0,0.0,0.0,0.0,0
10,134,78,82,203,113,34,81,503,15,2,0.0,0.0,1.0,0.0,0.0,0.0,0.0,0.0,0.0,0.0,0
10,104,112,220,110,164,11,58,200,15,2,0.0,0.0,0.0,0.0,0.0,0.0,0.0,0.0,0.0,0.0,0
10,104,117,239,104,18,21,226,200,15,2,0.0,0.0,0.0,0.0,0.0,0.0,0.0,0.0,0.0,0.0,1
10,104,112,165,43,174,32,150,206,15,2,0.0,0.0,0.0,0.0,0.0,0.0,0.0,0.0,0.0,0.0,0
1,179,227,153,110,164,28,16,206,15,2,0.0,0.0,0.0,0.0,0.0,0.0,0.0,0.0,0.0,0.0,0
10,104,235,103,10,104,117,73,200,15,2,0.0,0.0,0.0,0.0,0.0,0.0,0.0,0.0,0.0,0.0,0
10,104,112,165,43,174,32,118,206,15,2,0.0,0.0,0.0,0.0,0.0,0.0,0.0,0.0,0.0,0.0,0
10,104,198,194,92,223,116,253,206,15,2,0.0,0.0,0.0,0.0,0.0,0.0,0.0,0.0,0.0,0.0,0
10,104,101,105,199,232,166,172,206,15,2,0.0,0.0,0.0,0.0,0.0,0.0,0.0,0.0,0.0,0.0,0
10,104,227,12,172,217,25,3,304,15,2,0.0,0.0,0.0,0.0,0.0,0.0,0.0,0.0,0.0,0.0,0
10,104,107,93,199,232,166,172,206,15,2,0.0,0.0,0.0,0.0,0.0,0.0,0.0,0.0,0.0,0.0,0
10,104,239,245,110,164,28,25,0,15,2,0.0,0.0,0.0,0.0,0.0,0.0,0.0,0.0,0.0,0.0,0
10,104,120,86,110,164,11,73,200,15,2,0.0,0.0,0.0,0.0,0.0,0.0,0.0,0.0,0.0,0.0,0
1,179,227,138,110,164,17,98,206,15,2,0.0,0.0,0.0,0.0,0.0,0.0,0.0,0.0,0.0,0.0,0
1,179,227,150,110,164,11,112,200,15,2,0.0,0.0,0.0,0.0,0.0,0.0,0.0,0.0,0.0,0.0,0
10,104,208,19,110,164,11,58,200,15,2,0.0,0.0,0.0,0.0,0.0,0.0,0.0,0.0,0.0,0.0,0
1,179,227,139,110,164,17,98,206,15,2,0.0,0.0,0.0,0.0,0.0,0.0,0.0,0.0,0.0,0.0,0
1,179,227,143,92,223,116,252,206,15,2,0.0,0.0,0.0,0.0,0.0,0.0,0.0,0.0,0.0,0.0,0
10,104,7,194,43,174,53,240,200,15,2,0.0,0.0,1.0,0.0,0.0,0.0,0.0,0.0,0.0,0.0,0
10,101,101,4,18,205,166,131,200,15,2,0.0,0.0,0.0,0.0,0.0,0.0,0.0,0.0,0.0,0.0,0
10,134,44,183,110,164,17,98,403,15,2,0.0,0.0,0.0,0.0,0.0,0.0,0.0,0.0,0.0,0.0,0
1,179,227,138,110,164,17,98,403,15,2,0.0,0.0,0.0,0.0,0.0,0.0,0.0,0.0,0.0,0.0,0
10,104,112,179,10,104,117,155,200,15,2,0.0,0.0,0.0,0.0,0.0,0.0,0.0,0.0,0.0,0.0,0
10,104,105,147,110,164,11,58,200,15,2,0.0,0.0,0.0,0.0,0.0,0.0,0.0,0.0,0.0,0.0,0
1,179,227,153,92,223,116,253,206,15,2,0.0,0.0,0.0,0.0,0.0,0.0,0.0,0.0,0.0,0.0,0
1,179,227,140,110,164,11,58,200,15,2,0.0,0.0,0.0,0.0,0.0,0.0,0.0,0.0,0.0,0.0,0
10,104,235,163,199,232,166,172,206,15,2,0.0,0.0,0.0,0.0,0.0,0.0,0.0,0.0,0.0,0.0,0
10,104,235,141,199,232,166,172,403,15,2,0.0,0.0,0.0,0.0,0.0,0.0,0.0,0.0,0.0,0.0,0
1,179,227,138,43,174,32,150,206,15,2,0.0,0.0,0.0,0.0,0.0,0.0,0.0,0.0,0.0,0.0,0
1,179,227,138,43,174,53,240,206,15,2,0.0,0.0,0.0,0.0,0.0,0.0,0.0,0.0,0.0,0.0,0
10,134,77,180,110,164,17,88,206,15,2,0.0,0.0,0.0,0.0,0.0,0.0,0.0,0.0,0.0,0.0,0
10,104,121,105,110,164,11,112,200,15,2,0.0,0.0,0.0,0.0,0.0,0.0,0.0,0.0,0.0,0.0,0
10,104,102,199,92,223,116,253,403,15,2,0.0,0.0,0.0,0.0,0.0,0.0,0.0,0.0,0.0,0.0,0
10,134,77,53,34,81,162,3,0,15,2,0.0,0.0,0.0,0.0,0.0,0.0,0.0,0.0,0.0,0.0,0
10,104,102,36,110,164,11,163,503,15,2,0.0,0.0,1.0,0.0,0.0,0.0,0.0,0.0,0.0,0.0,0
1,179,227,139,1,179,246,218,200,15,2,0.0,0.0,0.0,0.0,0.0,0.0,0.0,0.0,0.0,1.0,0
10,104,235,231,92,223,116,252,503,15,2,0.0,0.0,0.0,0.0,0.0,0.0,0.0,0.0,0.0,0.0,0
10,104,100,120,92,223,116,253,503,15,2,0.0,0.0,0.0,0.0,0.0,0.0,0.0,0.0,0.0,0.0,0
10,133,22,22,10,104,4,36,200,15,2,0.0,0.0,0.0,0.0,0.0,0.0,0.0,0.0,0.0,0.0,0
1,179,227,153,203,153,50,90,206,15,2,0.0,0.0,0.0,0.0,0.0,0.0,0.0,0.0,0.0,0.0,0
1,179,227,138,43,174,32,118,206,15,2,0.0,0.0,0.0,0.0,0.0,0.0,0.0,0.0,0.0,0.0,0
10,104,108,102,47,252,97,9,200,15,2,0.0,0.0,0.0,0.0,0.0,0.0,0.0,0.0,0.0,0.0,0
1,179,227,139,110,164,28,25,206,15,2,0.0,0.0,0.0,0.0,0.0,0.0,0.0,0.0,0.0,0.0,0
1,179,227,150,110,164,11,98,200,15,2,0.0,0.0,0.0,0.0,0.0,0.0,0.0,0.0,0.0,0.0,0
10,104,100,115,110,164,11,58,200,15,2,0.0,0.0,0.0,0.0,0.0,0.0,0.0,0.0,0.0,0.0,0
10,104,198,194,92,223,116,253,206,15,2,0.0,0.0,0.0,0.0,0.0,0.0,0.0,0.0,0.0,0.0,0
1,179,227,143,92,223,116,253,206,15,2,0.0,0.0,0.0,0.0,0.0,0.0,0.0,0.0,0.0,0.0,0
10,104,239,245,110,164,28,25,0,15,2,0.0,0.0,0.0,0.0,0.0,0.0,0.0,0.0,0.0,0.0,0
1,179,227,138,43,174,32,118,206,15,2,0.0,0.0,0.0,0.0,0.0,0.0,0.0,0.0,0.0,0.0,0
10,104,239,113,199,232,166,172,403,15,2,0.0,0.0,0.0,0.0,0.0,0.0,0.0,0.0,0.0,0.0,0
1,179,227,145,92,223,116,253,206,15,2,0.0,0.0,0.0,0.0,0.0,0.0,0.0,0.0,0.0,0.0,0
10,134,45,155,110,164,11,58,200,15,2,0.0,0.0,0.0,0.0,0.0,0.0,0.0,0.0,0.0,0.0,0
1,179,227,154,110,164,17,88,206,15,2,0.0,0.0,0.0,0.0,0.0,0.0,0.0,0.0,0.0,0.0,0
10,141,69,58,92,223,116,252,206,15,2,0.0,0.0,0.0,0.0,0.0,0.0,0.0,0.0,0.0,0.0,0
1,179,227,139,23,39,81,215,200,15,2,0.0,0.0,0.0,0.0,0.0,0.0,0.0,0.0,0.0,0.0,0
10,104,170,73,10,104,4,36,200,15,2,0.0,0.0,0.0,0.0,0.0,0.0,0.0,0.0,0.0,0.0,0
1,179,227,149,110,164,11,112,200,15,2,0.0,0.0,0.0,0.0,0.0,0.0,0.0,0.0,0.0,0.0,0
10,104,108,158,199,232,166,172,206,15,2,0.0,0.0,0.0,0.0,0.0,0.0,0.0,0.0,0.0,0.0,0
10,104,198,194,92,223,116,253,206,15,2,0.0,0.0,0.0,0.0,0.0,0.0,0.0,0.0,0.0,0.0,0
1,179,227,151,110,164,11,58,200,15,2,0.0,0.0,0.0,0.0,0.0,0.0,0.0,0.0,0.0,0.0,0
1,179,227,138,43,174,32,150,206,15,2,0.0,0.0,0.0,0.0,0.0,0.0,0.0,0.0,0.0,0.0,0
1,179,227,141,92,223,116,253,206,15,2,0.0,0.0,0.0,0.0,0.0,0.0,0.0,0.0,0.0,0.0,0
10,104,107,136,92,223,116,252,206,15,2,0.0,0.0,0.0,0.0,0.0,0.0,0.0,0.0,0.0,0.0,0
10,104,244,37,10,104,4,36,0,15,2,0.0,0.0,0.0,0.0,0.0,0.0,0.0,0.0,0.0,0.0,0
1,179,227,138,110,164,17,98,206,15,2,0.0,0.0,0.0,0.0,0.0,0.0,0.0,0.0,0.0,0.0,0
10,104,112,165,43,174,32,118,206,15,2,0.0,0.0,0.0,0.0,0.0,0.0,0.0,0.0,0.0,0.0,0
1,179,227,155,92,223,116,252,206,15,2,0.0,0.0,0.0,0.0,0.0,0.0,0.0,0.0,0.0,0.0,0
10,104,198,194,92,223,116,253,206,15,2,0.0,0.0,0.0,0.0,0.0,0.0,0.0,0.0,0.0,0.0,0
10,104,102,125,110,164,11,73,200,15,2,0.0,0.0,0.0,0.0,0.0,0.0,0.0,0.0,0.0,0.0,0
1,179,227,137,172,217,25,3,200,15,2,0.0,0.0,0.0,0.0,0.0,0.0,0.0,0.0,0.0,0.0,0
10,104,125,69,43,174,32,118,0,15,2,0.0,0.0,0.0,0.0,0.0,0.0,0.0,0.0,0.0,0.0,0
10,104,108,27,110,164,11,73,200,15,2,0.0,0.0,0.0,0.0,0.0,0.0,0.0,0.0,0.0,0.0,0
10,134,77,154,110,164,11,73,200,15,2,0.0,0.0,0.0,0.0,0.0,0.0,0.0,0.0,0.0,0.0,0
1,179,227,138,43,174,32,118,206,15,2,0.0,0.0,0.0,0.0,0.0,0.0,0.0,0.0,0.0,0.0,0
10,104,107,136,92,223,116,252,206,15,2,0.0,0.0,0.0,0.0,0.0,0.0,0.0,0.0,0.0,0.0,0
1,179,227,141,92,223,116,253,206,15,2,0.0,0.0,0.0,0.0,0.0,0.0,0.0,0.0,0.0,0.0,0
10,104,115,104,199,232,166,172,206,15,2,0.0,0.0,1.0,0.0,0.0,0.0,0.0,0.0,0.0,0.0,0
10,104,100,129,92,223,116,252,206,15,2,0.0,0.0,0.0,0.0,0.0,0.0,0.0,0.0,0.0,0.0,0
10,104,125,10,110,164,17,98,503,15,2,0.0,0.0,0.0,0.0,0.0,0.0,0.0,0.0,0.0,0.0,0
1,179,227,153,92,223,116,252,206,15,2,0.0,0.0,0.0,0.0,0.0,0.0,0.0,0.0,0.0,0.0,0
10,104,103,212,110,164,11,58,200,15,2,0.0,0.0,0.0,0.0,0.0,0.0,0.0,0.0,0.0,0.0,0
1,179,227,137,92,223,116,252,206,15,2,0.0,0.0,0.0,0.0,0.0,0.0,0.0,0.0,0.0,0.0,0
10,104,235,231,92,223,116,252,206,15,2,0.0,0.0,0.0,0.0,0.0,0.0,0.0,0.0,0.0,0.0,0
10,104,112,17,92,223,116,253,0,15,2,0.0,0.0,0.0,0.0,0.0,0.0,0.0,0.0,0.0,0.0,0
10,104,103,131,110,164,11,58,200,15,2,0.0,0.0,0.0,0.0,0.0,0.0,0.0,0.0,0.0,0.0,0
1,179,227,150,110,164,11,73,200,15,2,0.0,0.0,0.0,0.0,0.0,0.0,0.0,0.0,0.0,0.0,0
10,104,235,238,110,164,28,25,503,15,2,0.0,0.0,0.0,0.0,0.0,0.0,0.0,0.0,0.0,0.0,0
10,104,107,209,110,164,11,58,200,15,2,0.0,0.0,0.0,0.0,0.0,0.0,0.0,0.0,0.0,0.0,0
1,179,227,149,110,164,17,98,206,15,2,0.0,0.0,0.0,0.0,0.0,0.0,0.0,0.0,0.0,0.0,0
1,179,227,147,110,164,28,18,200,15,2,0.0,0.0,0.0,0.0,0.0,0.0,0.0,0.0,0.0,0.0,0
1,179,227,153,203,153,50,90,206,15,2,0.0,0.0,0.0,0.0,0.0,0.0,0.0,0.0,0.0,0.0,0
1,179,227,156,110,164,11,58,200,15,2,0.0,0.0,0.0,0.0,0.0,0.0,0.0,0.0,0.0,0.0,0
1,179,227,142,91,228,167,137,200,15,2,0.0,0.0,0.0,0.0,0.0,0.0,0.0,0.0,0.0,0.0,0
1,179,227,143,92,223,116,253,206,15,2,0.0,0.0,0.0,0.0,0.0,0.0,0.0,0.0,0.0,0.0,0
1,179,227,150,92,223,116,252,403,15,2,0.0,0.0,0.0,0.0,0.0,0.0,0.0,0.0,0.0,0.0,0
10,104,170,73,10,104,4,36,200,15,2,0.0,0.0,0.0,0.0,0.0,0.0,0.0,0.0,0.0,0.0,0
10,134,44,80,110,164,11,73,200,15,2,0.0,0.0,0.0,0.0,0.0,0.0,0.0,0.0,0.0,0.0,0
1,179,227,142,110,164,11,58,200,15,2,0.0,0.0,0.0,0.0,0.0,0.0,0.0,0.0,0.0,0.0,0
1,179,227,138,43,174,32,150,206,15,2,0.0,0.0,0.0,0.0,0.0,0.0,0.0,0.0,0.0,0.0,0
10,134,45,188,110,164,11,58,200,15,2,0.0,0.0,0.0,0.0,0.0,0.0,0.0,0.0,0.0,0.0,0
1,179,227,145,172,217,25,3,304,15,2,0.0,0.0,0.0,0.0,0.0,0.0,0.0,0.0,0.0,0.0,0
1,179,227,141,110,164,17,98,0,15,2,0.0,0.0,0.0,0.0,0.0,0.0,0.0,0.0,0.0,0.0,0
1,179,227,140,110,164,11,73,200,15,2,0.0,0.0,0.0,0.0,0.0,0.0,0.0,0.0,0.0,0.0,0
1,179,227,153,110,164,17,98,206,15,2,0.0,0.0,0.0,0.0,0.0,0.0,0.0,0.0,0.0,0.0,0
1,179,227,151,110,164,11,58,200,15,2,0.0,0.0,0.0,0.0,0.0,0.0,0.0,0.0,0.0,0.0,0
10,104,100,117,110,164,11,73,200,15,2,0.0,0.0,0.0,0.0,0.0,0.0,0.0,0.0,0.0,0.0,0
1,179,227,141,92,223,116,252,206,15,2,0.0,0.0,0.0,0.0,0.0,0.0,0.0,0.0,0.0,0.0,0
10,104,235,103,10,104,117,73,304,15,2,0.0,0.0,0.0,0.0,0.0,0.0,0.0,0.0,0.0,0.0,0
10,134,122,64,92,223,116,252,503,15,2,0.0,0.0,0.0,0.0,0.0,0.0,0.0,0.0,0.0,0.0,0
10,101,101,4,92,223,116,253,206,15,2,0.0,0.0,0.0,0.0,0.0,0.0,0.0,0.0,0.0,0.0,0
10,101,101,4,110,164,28,16,206,15,2,0.0,0.0,0.0,0.0,0.0,0.0,0.0,0.0,0.0,0.0,0
10,104,112,165,43,174,53,240,206,15,2,0.0,0.0,0.0,0.0,0.0,0.0,0.0,0.0,0.0,0.0,0
10,104,235,163,199,232,166,172,206,15,2,0.0,0.0,0.0,0.0,0.0,0.0,0.0,0.0,0.0,0.0,0
1,179,227,139,1,179,246,218,200,15,2,0.0,0.0,0.0,0.0,0.0,0.0,0.0,0.0,0.0,1.0,0
10,104,197,39,110,164,11,163,206,15,2,0.0,0.0,1.0,0.0,0.0,0.0,0.0,0.0,0.0,0.0,0
1,179,227,151,110,164,17,88,206,15,2,0.0,0.0,0.0,0.0,0.0,0.0,0.0,0.0,0.0,0.0,0
10,104,104,54,199,232,166,172,403,15,2,0.0,0.0,0.0,0.0,0.0,0.0,0.0,0.0,0.0,0.0,0
1,179,227,142,199,232,166,172,206,15,2,0.0,0.0,1.0,0.0,0.0,0.0,0.0,0.0,0.0,0.0,0
10,104,198,194,92,223,116,253,206,15,2,0.0,0.0,0.0,0.0,0.0,0.0,0.0,0.0,0.0,0.0,0
10,104,235,238,23,39,81,215,200,15,2,0.0,0.0,0.0,0.0,0.0,0.0,0.0,0.0,0.0,0.0,0
1,179,227,148,110,164,11,144,206,15,2,0.0,0.0,1.0,0.0,0.0,0.0,0.0,0.0,0.0,0.0,0
10,104,197,39,110,164,11,163,206,15,2,0.0,0.0,1.0,0.0,0.0,0.0,0.0,0.0,0.0,0.0,0
1,179,227,153,110,164,11,73,200,15,2,0.0,0.0,0.0,0.0,0.0,0.0,0.0,0.0,0.0,0.0,0
10,104,103,177,110,164,11,58,200,15,2,0.0,0.0,0.0,0.0,0.0,0.0,0.0,0.0,0.0,0.0,0
1,179,227,138,199,232,166,172,206,15,2,0.0,0.0,0.0,0.0,0.0,0.0,0.0,0.0,0.0,0.0,0
1,179,227,138,110,164,17,88,403,15,2,0.0,0.0,0.0,0.0,0.0,0.0,0.0,0.0,0.0,0.0,0
1,179,227,148,110,164,11,58,200,15,2,0.0,0.0,0.0,0.0,0.0,0.0,0.0,0.0,0.0,0.0,0
10,104,102,206,110,164,11,144,206,15,2,0.0,0.0,1.0,0.0,0.0,0.0,0.0,0.0,0.0,0.0,0
10,104,100,212,110,164,11,73,200,15,2,0.0,0.0,0.0,0.0,0.0,0.0,0.0,0.0,0.0,0.0,0
10,104,4,156,43,174,53,240,200,15,2,0.0,0.0,1.0,0.0,0.0,0.0,0.0,0.0,0.0,0.0,0
1,179,227,144,43,174,32,118,206,15,2,0.0,0.0,0.0,0.0,0.0,0.0,0.0,0.0,0.0,0.0,0
1,179,227,147,199,232,166,172,206,15,2,0.0,0.0,0.0,0.0,0.0,0.0,0.0,0.0,0.0,0.0,0
10,104,4,90,34,107,221,82,200,15,2,0.0,0.0,0.0,0.0,0.0,0.0,0.0,0.0,0.0,0.0,0
10,104,112,165,43,174,32,118,206,15,2,0.0,0.0,0.0,0.0,0.0,0.0,0.0,0.0,0.0,0.0,0
1,179,227,155,92,223,116,252,206,15,2,0.0,0.0,0.0,0.0,0.0,0.0,0.0,0.0,0.0,0.0,0
